Index,ndb,nsulph,ncof,nnitro,nhev,ntb,nrot,AWeight,ncocl,Hatov,Hy,UI,Qass,Predicted_Output_supervisedModel,Prediction_ANNModel
1.0,0.0,0.0,0.0,1.0,13.0,0.0,0.0,22.916,0.0,1.215,-2.562,3.585,0.47600000000000003,1.0,1.0
2.0,0.0,0.0,0.0,1.0,13.0,0.0,0.0,30.147,0.0,0.821,-2.562,3.585,0.474,1.0,1.0
3.0,0.0,0.0,0.0,2.0,35.0,0.0,7.0,12.581,0.0,2.3680000000000003,-4.25,3.7,1.416,1.0,0.0
4.0,1.0,0.0,0.0,3.0,14.0,0.0,4.0,12.724,0.0,1.995,-2.72,1.0,0.51,1.0,1.0
5.0,0.0,0.0,0.0,3.0,28.0,0.0,9.0,13.205,1.0,2.207,-3.949,4.087,0.6940000000000001,1.0,0.0
6.0,0.0,0.0,0.0,2.0,6.0,0.0,0.0,12.675999999999998,0.0,2.4,-1.723,0.0,0.243,1.0,0.0
7.0,0.0,1.0,0.0,3.0,14.0,0.0,1.0,13.870999999999999,0.0,2.718,-2.72,4.0,0.36700000000000005,1.0,1.0
8.0,1.0,0.0,0.0,5.0,40.0,0.0,11.0,13.557,0.0,3.306,-2.927,1.0,3.168,1.0,0.0
9.0,3.0,1.0,0.0,3.0,25.0,0.0,5.0,13.85,0.0,2.674,-2.972,3.322,1.6119999999999999,1.0,1.0
10.0,3.0,1.0,0.0,3.0,24.0,0.0,5.0,13.761,0.0,2.5989999999999998,-3.057,3.322,1.27,1.0,1.0
11.0,3.0,1.0,0.0,2.0,29.0,0.0,6.0,13.527999999999999,0.0,2.563,-3.5180000000000002,3.907,1.42,1.0,1.0
12.0,6.0,1.0,0.0,5.0,36.0,0.0,9.0,13.620999999999999,0.0,2.707,-3.303,3.7,1.986,1.0,0.0
13.0,4.0,2.0,0.0,2.0,25.0,0.0,6.0,14.732000000000001,0.0,2.415,-2.786,3.322,1.641,1.0,1.0
14.0,1.0,0.0,0.0,2.0,52.0,0.0,7.0,13.008,0.0,2.074,-4.166,1.0,2.467,1.0,0.0
15.0,2.0,0.0,0.0,1.0,52.0,0.0,8.0,13.046,0.0,2.101,-4.166,1.585,2.4330000000000003,1.0,0.0
16.0,1.0,1.0,0.0,2.0,27.0,0.0,8.0,14.508,1.0,2.012,-3.17,1.0,1.258,1.0,0.0
17.0,2.0,0.0,0.0,1.0,51.0,0.0,7.0,13.067,0.0,2.144,-4.115,1.585,2.476,1.0,0.0
18.0,4.0,1.0,0.0,3.0,24.0,0.0,5.0,14.738,1.0,2.6860000000000004,-2.866,3.4589999999999996,1.273,1.0,0.0
19.0,4.0,1.0,0.0,3.0,25.0,0.0,5.0,13.85,0.0,2.852,-2.972,3.4589999999999996,1.605,1.0,1.0
20.0,4.0,1.0,0.0,3.0,24.0,0.0,5.0,13.761,0.0,2.775,-3.057,3.4589999999999996,1.262,1.0,1.0
21.0,4.0,3.0,0.0,8.0,29.0,0.0,8.0,15.186,0.0,2.397,-2.345,3.907,1.3,1.0,1.0
22.0,7.0,3.0,0.0,6.0,41.0,0.0,13.0,14.450999999999999,0.0,2.271,-3.267,4.17,2.044,1.0,0.0
23.0,7.0,2.0,0.0,9.0,44.0,0.0,12.0,14.056,0.0,2.77,-3.102,4.248,2.4419999999999997,1.0,0.0
24.0,7.0,4.0,0.0,7.0,36.0,0.0,10.0,15.514000000000001,0.0,2.338,-2.441,3.7,2.26,1.0,1.0
25.0,6.0,1.0,0.0,4.0,29.0,0.0,9.0,14.078,0.0,3.0469999999999997,-2.68,3.585,2.194,1.0,1.0
26.0,7.0,3.0,0.0,8.0,36.0,0.0,9.0,14.901,0.0,2.52,-2.585,4.248,2.2359999999999998,1.0,0.0
27.0,7.0,1.0,0.0,4.0,35.0,0.0,13.0,13.952,0.0,2.823,-2.931,3.7,2.481,1.0,0.0
28.0,2.0,0.0,0.0,2.0,20.0,0.0,7.0,15.552,2.0,2.665,-2.377,3.17,1.005,1.0,1.0
29.0,2.0,0.0,1.0,3.0,24.0,0.0,3.0,13.05,0.0,3.239,-3.248,3.807,1.1179999999999999,1.0,0.0
30.0,2.0,0.0,2.0,4.0,28.0,0.0,3.0,13.222999999999999,0.0,2.983,-3.262,3.807,1.416,1.0,0.0
31.0,2.0,0.0,3.0,4.0,29.0,0.0,3.0,13.422,0.0,3.673,-3.1830000000000003,4.322,1.3219999999999998,1.0,0.0
32.0,5.0,0.0,0.0,2.0,32.0,0.0,2.0,13.865,1.0,2.958,-3.281,3.585,2.239,1.0,0.0
33.0,5.0,0.0,0.0,2.0,32.0,0.0,2.0,13.133,0.0,3.062,-3.438,3.585,2.246,1.0,0.0
34.0,5.0,0.0,0.0,3.0,33.0,0.0,3.0,13.038,0.0,2.821,-3.516,3.585,2.18,1.0,0.0
35.0,5.0,0.0,0.0,2.0,33.0,0.0,2.0,13.22,0.0,3.123,-3.363,3.585,2.4459999999999997,1.0,0.0
36.0,5.0,0.0,0.0,2.0,32.0,0.0,2.0,13.133,0.0,3.0380000000000003,-3.438,3.585,2.2359999999999998,1.0,0.0
37.0,2.0,0.0,1.0,3.0,27.0,0.0,4.0,13.082,0.0,2.895,-3.346,3.807,1.4169999999999998,1.0,0.0
38.0,2.0,0.0,1.0,3.0,26.0,0.0,2.0,13.124,0.0,2.907,-3.2539999999999996,3.807,1.3980000000000001,1.0,0.0
39.0,2.0,0.0,1.0,3.0,29.0,0.0,4.0,13.008,0.0,3.002,-3.5180000000000002,3.807,1.422,1.0,0.0
40.0,2.0,0.0,1.0,3.0,23.0,0.0,3.0,13.095,0.0,3.036,-3.147,3.807,1.121,1.0,0.0
41.0,2.0,0.0,1.0,3.0,26.0,0.0,2.0,13.124,0.0,2.907,-3.2539999999999996,3.807,1.3980000000000001,1.0,0.0
42.0,0.0,0.0,0.0,4.0,33.0,0.0,6.0,13.582,0.0,3.333,-2.7510000000000003,0.0,2.657,1.0,0.0
43.0,2.0,0.0,1.0,3.0,24.0,0.0,5.0,13.216,0.0,2.984,-3.057,3.17,1.213,1.0,0.0
44.0,2.0,0.0,0.0,2.0,17.0,0.0,2.0,12.95,0.0,2.865,-2.885,3.807,0.857,1.0,1.0
45.0,0.0,0.0,0.0,6.0,42.0,0.0,9.0,13.530999999999999,0.0,3.298,-2.9530000000000003,0.0,3.2430000000000003,1.0,0.0
46.0,4.0,0.0,0.0,4.0,17.0,0.0,3.0,13.654000000000002,0.0,4.064,-1.9240000000000002,3.322,1.0590000000000002,1.0,1.0
47.0,3.0,1.0,0.0,2.0,14.0,0.0,3.0,14.583,0.0,2.471,-2.176,3.322,0.617,1.0,1.0
48.0,2.0,1.0,0.0,4.0,17.0,0.0,3.0,14.13,0.0,2.8810000000000002,-2.404,3.907,0.659,1.0,1.0
49.0,2.0,1.0,0.0,3.0,18.0,0.0,3.0,14.123,0.0,2.443,-2.548,3.807,0.6779999999999999,1.0,1.0
50.0,2.0,1.0,0.0,3.0,17.0,0.0,3.0,14.247,0.0,2.636,-2.404,3.807,0.6829999999999999,1.0,1.0
51.0,2.0,2.0,0.0,4.0,17.0,0.0,3.0,15.309000000000001,0.0,2.222,-2.164,3.807,0.591,1.0,1.0
52.0,2.0,1.0,0.0,2.0,11.0,0.0,1.0,14.922,0.0,2.5380000000000003,-1.8869999999999998,3.17,0.46799999999999997,1.0,1.0
53.0,4.0,1.0,0.0,4.0,28.0,0.0,6.0,13.725,0.0,3.2310000000000003,-3.09,4.524,1.321,1.0,1.0
54.0,2.0,2.0,0.0,3.0,16.0,0.0,3.0,15.390999999999998,0.0,2.33,-2.25,3.807,0.603,1.0,1.0
55.0,4.0,0.0,0.0,5.0,58.0,0.0,11.0,12.870999999999999,0.0,2.332,-4.343,4.0,2.323,1.0,0.0
56.0,0.0,0.0,0.0,5.0,32.0,0.0,6.0,13.445,0.0,3.2,-2.813,0.0,2.363,1.0,0.0
57.0,0.0,0.0,0.0,4.0,21.0,0.0,5.0,12.960999999999999,0.0,2.687,-2.928,3.7,1.4380000000000002,1.0,1.0
58.0,9.0,0.0,0.0,1.0,65.0,0.0,3.0,13.085,0.0,2.832,-4.355,3.322,3.6839999999999997,1.0,0.0
59.0,3.0,0.0,0.0,0.0,24.0,0.0,3.0,13.985,1.0,2.391,-3.248,3.322,1.453,1.0,1.0
60.0,0.0,0.0,3.0,5.0,25.0,0.0,5.0,13.408,0.0,3.427,-2.972,4.17,0.779,1.0,0.0
61.0,1.0,0.0,0.0,4.0,33.0,0.0,4.0,13.674000000000001,2.0,2.5540000000000003,-4.127,4.8580000000000005,0.537,1.0,0.0
62.0,2.0,1.0,0.0,2.0,17.0,0.0,2.0,13.895,0.0,2.7569999999999997,-2.885,3.907,0.611,1.0,1.0
63.0,0.0,0.0,0.0,3.0,22.0,0.0,8.0,13.349,1.0,2.108,-3.6489999999999996,3.585,0.409,1.0,1.0
64.0,0.0,0.0,0.0,3.0,23.0,0.0,9.0,13.464,1.0,2.269,-3.54,3.585,0.614,1.0,1.0
65.0,0.0,0.0,6.0,2.0,26.0,0.0,4.0,13.93,0.0,3.583,-3.073,3.585,0.982,1.0,0.0
66.0,1.0,0.0,0.0,2.0,24.0,0.0,4.0,12.51,0.0,2.7910000000000004,-3.821,3.7,0.722,1.0,1.0
67.0,1.0,0.0,0.0,3.0,12.0,0.0,3.0,13.507,0.0,3.025,-1.7919999999999998,2.807,0.7659999999999999,1.0,1.0
68.0,1.0,0.0,0.0,2.0,7.0,0.0,0.0,13.720999999999998,0.0,3.5,-1.203,1.0,0.473,1.0,0.0
69.0,0.0,0.0,0.0,2.0,14.0,0.0,9.0,12.866,0.0,2.1319999999999997,-2.72,0.0,0.675,1.0,1.0
70.0,1.0,1.0,0.0,2.0,11.0,0.0,2.0,14.197000000000001,0.0,2.082,-2.516,3.0,0.311,1.0,1.0
71.0,1.0,0.0,0.0,3.0,10.0,0.0,2.0,13.009,0.0,3.593,-1.993,3.0,0.461,1.0,1.0
72.0,8.0,0.0,0.0,4.0,61.0,0.0,5.0,12.860999999999999,0.0,2.4419999999999997,-4.4719999999999995,4.322,3.036,1.0,0.0
73.0,7.0,0.0,0.0,4.0,59.0,0.0,5.0,12.957,0.0,2.5180000000000002,-4.287,4.248,3.3489999999999998,1.0,0.0
74.0,3.0,1.0,0.0,4.0,16.0,0.0,5.0,14.013,0.0,2.513,-2.5,3.322,0.66,1.0,1.0
75.0,1.0,0.0,0.0,1.0,12.0,0.0,3.0,12.842,0.0,2.553,-2.6889999999999996,1.0,0.6409999999999999,1.0,1.0
76.0,0.0,0.0,0.0,5.0,16.0,0.0,1.0,15.565,2.0,2.524,-2.25,3.7,0.594,1.0,1.0
77.0,1.0,0.0,0.0,1.0,11.0,0.0,5.0,12.918,0.0,2.15,-2.516,1.0,0.64,1.0,1.0
78.0,2.0,0.0,0.0,1.0,9.0,0.0,4.0,13.119000000000002,0.0,2.888,-2.113,1.585,0.644,1.0,1.0
79.0,1.0,0.0,0.0,1.0,22.0,0.0,7.0,12.464,0.0,1.913,-3.8510000000000004,3.0,0.595,1.0,1.0
80.0,0.0,0.0,0.0,2.0,18.0,0.0,5.0,12.232999999999999,0.0,2.488,-3.707,3.7,0.251,1.0,1.0
81.0,0.0,0.0,0.0,1.0,18.0,0.0,5.0,12.122,0.0,2.443,-3.938,3.7,0.187,1.0,0.0
82.0,1.0,0.0,0.0,4.0,22.0,0.0,1.0,13.439,1.0,2.7489999999999997,-3.446,4.248,0.326,1.0,0.0
83.0,3.0,0.0,0.0,3.0,22.0,0.0,2.0,13.892999999999999,1.0,3.134,-3.0410000000000004,4.0,0.638,1.0,0.0
84.0,3.0,0.0,0.0,3.0,21.0,0.0,1.0,13.602,1.0,2.7089999999999996,-3.347,4.0,0.45399999999999996,1.0,0.0
85.0,3.0,0.0,0.0,2.0,22.0,0.0,2.0,13.802,1.0,3.134,-3.2430000000000003,4.0,0.963,1.0,0.0
86.0,2.0,0.0,0.0,2.0,20.0,0.0,1.0,13.582,1.0,2.66,-3.458,3.907,0.408,1.0,0.0
87.0,2.0,0.0,1.0,3.0,27.0,0.0,6.0,13.507,1.0,2.505,-3.698,3.907,0.569,1.0,0.0
88.0,2.0,0.0,0.0,2.0,21.0,0.0,1.0,14.812999999999999,2.0,2.6910000000000003,-3.137,3.907,0.6509999999999999,1.0,0.0
89.0,1.0,0.0,1.0,3.0,23.0,0.0,1.0,13.594000000000001,1.0,2.807,-3.54,4.248,0.39,1.0,0.0
90.0,2.0,0.0,0.0,2.0,20.0,0.0,1.0,13.780999999999999,1.0,3.029,-3.241,3.907,0.65,1.0,0.0
91.0,2.0,0.0,0.0,2.0,21.0,0.0,1.0,13.697000000000001,1.0,2.781,-3.347,3.907,0.622,1.0,0.0
92.0,1.0,0.0,0.0,4.0,23.0,0.0,1.0,14.397,2.0,2.499,-3.344,4.248,0.327,1.0,0.0
93.0,2.0,0.0,0.0,2.0,15.0,0.0,8.0,13.341,0.0,2.4659999999999997,-2.344,1.585,1.222,1.0,1.0
94.0,2.0,0.0,0.0,2.0,18.0,0.0,10.0,13.119000000000002,0.0,2.16,-2.78,1.585,1.2,1.0,1.0
95.0,1.0,0.0,0.0,0.0,10.0,0.0,5.0,12.809000000000001,0.0,2.02,-2.658,1.0,0.508,1.0,1.0
96.0,2.0,0.0,0.0,1.0,15.0,0.0,1.0,12.675999999999998,0.0,2.6319999999999997,-3.1260000000000003,3.17,0.402,1.0,0.0
97.0,2.0,0.0,0.0,1.0,10.0,0.0,1.0,13.008,0.0,2.3080000000000003,-2.325,1.585,0.39399999999999996,1.0,0.0
98.0,2.0,0.0,0.0,2.0,19.0,0.0,2.0,12.640999999999998,0.0,3.508,-3.3539999999999996,3.907,0.6459999999999999,1.0,0.0
99.0,2.0,1.0,0.0,1.0,22.0,0.0,3.0,14.464,0.0,2.218,-2.432,1.585,1.101,1.0,1.0
100.0,2.0,1.0,0.0,2.0,14.0,0.0,2.0,14.583,0.0,2.736,-2.176,3.7,0.444,1.0,1.0
101.0,1.0,0.0,0.0,1.0,21.0,0.0,3.0,12.106,0.0,2.485,-4.183,3.807,0.18899999999999997,1.0,0.0
102.0,0.0,0.0,0.0,2.0,22.0,0.0,4.0,13.258,1.0,2.252,-3.8510000000000004,3.7,0.298,1.0,0.0
103.0,1.0,0.0,0.0,1.0,21.0,0.0,3.0,12.296,0.0,2.5869999999999997,-3.9739999999999998,3.807,0.456,1.0,0.0
104.0,0.0,0.0,0.0,2.0,22.0,0.0,4.0,12.192,0.0,2.34,-4.053999999999999,3.7,0.303,1.0,0.0
105.0,1.0,0.0,0.0,3.0,22.0,0.0,1.0,13.53,1.0,2.772,-3.446,3.807,0.643,1.0,0.0
106.0,0.0,0.0,0.0,2.0,20.0,0.0,4.0,12.210999999999999,0.0,2.6260000000000003,-3.89,3.7,0.316,1.0,0.0
107.0,0.0,0.0,0.0,2.0,21.0,0.0,4.0,12.200999999999999,0.0,2.451,-3.9739999999999998,3.7,0.299,1.0,0.0
108.0,1.0,0.0,0.0,1.0,20.0,0.0,3.0,12.110999999999999,0.0,2.667,-4.106,3.807,0.205,1.0,0.0
109.0,0.0,1.0,0.0,1.0,21.0,0.0,6.0,13.251,0.0,2.447,-3.765,4.087,0.49200000000000005,1.0,1.0
110.0,0.0,0.0,0.0,1.0,19.0,0.0,6.0,12.325999999999999,0.0,2.533,-3.801,3.7,0.46799999999999997,1.0,1.0
111.0,0.0,0.0,0.0,1.0,20.0,0.0,5.0,12.51,0.0,2.226,-3.674,2.807,0.634,1.0,1.0
112.0,1.0,0.0,0.0,1.0,16.0,0.0,4.0,13.85,1.0,1.912,-3.25,3.0,0.28300000000000003,1.0,0.0
113.0,2.0,0.0,0.0,2.0,18.0,0.0,1.0,12.454,0.0,3.407,-3.475,3.907,0.485,1.0,0.0
114.0,2.0,0.0,0.0,2.0,19.0,0.0,1.0,12.640999999999998,0.0,3.4339999999999997,-3.3539999999999996,3.907,0.593,1.0,0.0
115.0,0.0,0.0,1.0,2.0,24.0,1.0,5.0,12.635,0.0,2.7289999999999996,-3.821,3.807,0.42100000000000004,1.0,0.0
116.0,0.0,0.0,1.0,2.0,24.0,1.0,5.0,12.635,0.0,2.7289999999999996,-3.821,3.807,0.42100000000000004,1.0,0.0
117.0,0.0,0.0,3.0,1.0,22.0,0.0,7.0,13.235999999999999,0.0,3.065,-3.446,3.7,0.718,1.0,0.0
118.0,1.0,0.0,3.0,2.0,22.0,0.0,10.0,13.508,0.0,2.884,-3.0410000000000004,3.0,0.799,1.0,0.0
119.0,0.0,0.0,1.0,1.0,24.0,0.0,4.0,12.884,0.0,3.14,-3.63,3.7,1.052,1.0,0.0
120.0,0.0,0.0,0.0,1.0,20.0,0.0,2.0,14.455,2.0,2.205,-3.674,3.7,0.20199999999999999,1.0,0.0
121.0,1.0,0.0,0.0,3.0,17.0,0.0,5.0,12.832,0.0,3.072,-2.885,3.7,0.58,1.0,1.0
122.0,0.0,0.0,0.0,1.0,21.0,0.0,4.0,12.106,0.0,2.625,-4.183,3.7,0.205,1.0,0.0
123.0,1.0,0.0,0.0,1.0,17.0,0.0,4.0,12.597999999999999,0.0,2.6489999999999996,-3.366,3.0,0.5820000000000001,1.0,1.0
124.0,1.0,0.0,0.0,5.0,26.0,0.0,5.0,13.45,1.0,2.7030000000000003,-3.435,4.17,0.6579999999999999,1.0,0.0
125.0,0.0,0.0,0.0,1.0,22.0,0.0,12.0,12.464,0.0,2.3609999999999998,-3.8510000000000004,2.807,0.63,1.0,1.0
126.0,1.0,0.0,0.0,3.0,30.0,0.0,7.0,14.039000000000001,2.0,2.438,-3.762,3.807,0.862,1.0,0.0
127.0,0.0,1.0,3.0,3.0,30.0,0.0,7.0,13.710999999999999,0.0,2.7119999999999997,-3.5980000000000003,3.7,0.857,1.0,0.0
128.0,0.0,1.0,0.0,3.0,27.0,0.0,6.0,13.992,1.0,2.314,-3.698,3.7,0.606,1.0,0.0
129.0,0.0,1.0,0.0,3.0,25.0,0.0,4.0,13.99,1.0,2.18,-3.715,3.7,0.39899999999999997,1.0,1.0
130.0,0.0,1.0,0.0,2.0,20.0,0.0,3.0,13.213,0.0,2.128,-3.674,3.7,0.3,1.0,1.0
131.0,0.0,2.0,0.0,3.0,27.0,0.0,6.0,13.718,0.0,2.048,-3.8739999999999997,3.7,0.415,1.0,1.0
132.0,0.0,1.0,0.0,2.0,21.0,0.0,4.0,14.272,1.0,2.045,-3.556,3.7,0.301,1.0,1.0
133.0,0.0,2.0,0.0,2.0,25.0,0.0,4.0,13.775,0.0,2.03,-3.9010000000000002,3.7,0.317,1.0,1.0
134.0,1.0,0.0,0.0,4.0,23.0,0.0,1.0,13.377,1.0,2.5639999999999996,-3.54,3.807,0.535,1.0,0.0
135.0,1.0,0.0,0.0,3.0,23.0,0.0,1.0,13.464,1.0,2.588,-3.54,3.807,0.627,1.0,0.0
136.0,1.0,1.0,0.0,4.0,22.0,0.0,1.0,13.286,0.0,2.312,-3.446,3.7,0.536,1.0,1.0
137.0,3.0,0.0,1.0,3.0,28.0,0.0,6.0,12.759,0.0,3.155,-3.7769999999999997,4.322,0.7090000000000001,1.0,0.0
138.0,1.0,0.0,1.0,1.0,26.0,0.0,6.0,13.565,1.0,2.6910000000000003,-3.7969999999999997,3.807,0.542,1.0,0.0
139.0,1.0,0.0,2.0,3.0,34.0,0.0,7.0,12.715,0.0,3.0860000000000003,-4.19,4.585,0.696,1.0,0.0
140.0,1.0,1.0,0.0,3.0,27.0,0.0,6.0,13.270999999999999,0.0,2.6,-3.698,3.807,0.758,1.0,1.0
141.0,1.0,0.0,1.0,4.0,30.0,0.0,4.0,12.776,0.0,2.8280000000000003,-3.762,4.17,0.6779999999999999,1.0,0.0
142.0,3.0,2.0,0.0,3.0,30.0,0.0,5.0,13.814,0.0,2.128,-3.762,4.0,0.47600000000000003,1.0,1.0
143.0,1.0,0.0,0.0,1.0,30.0,0.0,11.0,12.475999999999999,0.0,2.225,-4.253,3.807,0.7609999999999999,1.0,0.0
144.0,1.0,0.0,0.0,2.0,27.0,0.0,4.0,12.454,0.0,2.924,-4.05,3.807,0.723,1.0,1.0
145.0,1.0,0.0,0.0,1.0,26.0,1.0,8.0,12.548,0.0,2.48,-3.977,3.17,0.8220000000000001,1.0,1.0
146.0,1.0,0.0,0.0,0.0,23.0,0.0,4.0,12.357999999999999,0.0,2.184,-4.13,3.0,0.6920000000000001,1.0,1.0
147.0,0.0,0.0,0.0,1.0,15.0,0.0,5.0,12.942,0.0,2.3080000000000003,-2.865,2.807,1.033,1.0,1.0
148.0,1.0,0.0,0.0,2.0,19.0,0.0,5.0,14.059000000000001,0.0,2.285,-2.6830000000000003,3.585,1.075,1.0,1.0
149.0,2.0,0.0,0.0,3.0,24.0,0.0,4.0,12.427,0.0,2.487,-3.821,3.7,0.5710000000000001,1.0,0.0
150.0,0.0,0.0,0.0,1.0,18.0,0.0,2.0,12.122,0.0,2.443,-3.938,2.807,0.162,1.0,0.0
151.0,3.0,0.0,0.0,2.0,16.0,0.0,4.0,13.008,0.0,2.3409999999999997,-2.75,2.0,0.696,1.0,1.0
152.0,3.0,0.0,0.0,2.0,15.0,0.0,3.0,13.075,0.0,2.3680000000000003,-2.605,2.0,0.693,1.0,1.0
153.0,4.0,0.0,0.0,2.0,16.0,0.0,4.0,13.008,0.0,2.595,-2.75,2.322,0.715,1.0,1.0
154.0,4.0,0.0,0.0,2.0,19.0,1.0,3.0,12.850999999999999,0.0,2.495,-3.13,2.585,0.7120000000000001,1.0,0.0
155.0,3.0,0.0,0.0,2.0,18.0,0.0,2.0,12.897,0.0,2.827,-3.012,3.322,0.6970000000000001,1.0,0.0
156.0,3.0,0.0,0.0,2.0,16.0,0.0,4.0,13.008,0.0,2.3409999999999997,-2.75,2.0,0.6970000000000001,1.0,1.0
157.0,3.0,0.0,0.0,2.0,17.0,0.0,2.0,12.95,0.0,3.138,-2.885,3.322,0.7240000000000001,1.0,0.0
158.0,2.0,0.0,0.0,2.0,16.0,0.0,2.0,12.759,0.0,2.909,-3.0,3.17,0.636,1.0,0.0
159.0,4.0,0.0,0.0,2.0,17.0,0.0,5.0,12.95,0.0,2.55,-2.885,2.322,0.72,1.0,1.0
160.0,0.0,0.0,0.0,0.0,7.0,0.0,1.0,23.197,3.0,1.446,-0.802,0.0,0.48200000000000004,1.0,1.0
161.0,0.0,0.0,0.0,2.0,12.0,0.0,1.0,12.344000000000001,0.0,2.491,-2.987,2.807,0.207,1.0,0.0
162.0,1.0,0.0,0.0,4.0,10.0,0.0,0.0,13.208,0.0,4.027,-1.661,3.585,0.522,1.0,1.0
163.0,2.0,0.0,0.0,1.0,29.0,0.0,6.0,12.905,0.0,2.54,-3.685,4.0,1.61,1.0,1.0
164.0,2.0,1.0,3.0,3.0,26.0,0.0,4.0,14.126,0.0,2.9730000000000003,-3.073,4.322,0.687,1.0,0.0
165.0,1.0,0.0,0.0,1.0,21.0,0.0,4.0,12.675999999999998,0.0,2.614,-3.556,3.585,0.845,1.0,1.0
166.0,1.0,0.0,0.0,0.0,18.0,0.0,4.0,12.675999999999998,0.0,3.068,-3.475,3.807,0.789,1.0,1.0
167.0,1.0,0.0,1.0,0.0,18.0,0.0,3.0,12.842,0.0,3.125,-3.475,3.807,0.608,1.0,0.0
168.0,1.0,0.0,0.0,0.0,15.0,0.0,4.0,12.543,0.0,2.267,-3.386,3.0,0.54,1.0,1.0
169.0,2.0,0.0,0.0,1.0,25.0,0.0,5.0,13.667,1.0,2.697,-3.529,4.248,1.042,1.0,1.0
170.0,2.0,0.0,0.0,0.0,19.0,0.0,4.0,12.640999999999998,0.0,3.1060000000000003,-3.577,3.907,0.677,1.0,1.0
171.0,1.0,0.0,0.0,0.0,17.0,0.0,3.0,12.715,0.0,2.779,-3.366,3.7,0.81,1.0,1.0
172.0,4.0,1.0,0.0,3.0,23.0,0.0,3.0,13.837,0.0,2.8689999999999998,-2.95,4.087,1.026,1.0,1.0
173.0,1.0,0.0,0.0,1.0,11.0,0.0,2.0,12.918,0.0,2.9730000000000003,-2.516,3.0,0.642,1.0,1.0
174.0,2.0,0.0,0.0,0.0,13.0,0.0,3.0,13.238,0.0,3.2230000000000003,-2.562,3.17,0.893,1.0,1.0
175.0,1.0,0.0,0.0,1.0,22.0,0.0,1.0,12.645999999999999,0.0,2.699,-3.6489999999999996,3.0,0.924,1.0,1.0
176.0,1.0,0.0,0.0,1.0,25.0,0.0,9.0,12.41,0.0,2.336,-4.087,3.807,0.588,1.0,1.0
177.0,1.0,0.0,0.0,1.0,25.0,0.0,2.0,12.729000000000001,0.0,2.9939999999999998,-3.715,3.0,1.115,1.0,1.0
178.0,3.0,0.0,0.0,1.0,27.0,0.0,4.0,12.823,0.0,2.714,-3.698,3.322,1.198,1.0,1.0
179.0,1.0,0.0,0.0,2.0,25.0,0.0,7.0,12.33,0.0,2.636,-4.087,3.807,0.42100000000000004,1.0,1.0
180.0,1.0,0.0,0.0,1.0,21.0,0.0,0.0,12.675999999999998,0.0,2.838,-3.556,3.0,0.903,1.0,0.0
181.0,1.0,0.0,0.0,1.0,22.0,0.0,0.0,12.827,0.0,2.927,-3.446,3.0,1.1079999999999999,1.0,1.0
182.0,1.0,0.0,0.0,1.0,18.0,0.0,4.0,12.565,0.0,2.416,-3.475,3.0,0.5579999999999999,1.0,1.0
183.0,1.0,0.0,0.0,1.0,23.0,0.0,7.0,12.270999999999999,0.0,2.292,-4.13,3.807,0.314,1.0,1.0
184.0,1.0,0.0,0.0,1.0,21.0,0.0,0.0,12.675999999999998,0.0,2.923,-3.556,3.0,1.001,1.0,1.0
185.0,1.0,0.0,0.0,1.0,21.0,0.0,2.0,12.296,0.0,2.176,-3.9739999999999998,3.0,0.515,1.0,0.0
186.0,1.0,0.0,0.0,1.0,22.0,0.0,5.0,12.827,0.0,2.907,-3.446,3.0,0.9229999999999999,1.0,1.0
187.0,1.0,0.0,0.0,1.0,26.0,0.0,8.0,12.700999999999999,0.0,2.583,-3.7969999999999997,3.0,1.056,1.0,0.0
188.0,1.0,0.0,0.0,1.0,23.0,0.0,5.0,12.790999999999999,0.0,2.685,-3.54,3.0,1.05,1.0,1.0
189.0,2.0,0.0,0.0,2.0,20.0,0.0,11.0,13.008,0.0,1.893,-3.025,1.585,1.2590000000000001,1.0,1.0
190.0,1.0,0.0,0.0,1.0,16.0,0.0,2.0,13.85,1.0,2.274,-3.25,3.0,0.28600000000000003,1.0,0.0
191.0,0.0,0.0,0.0,0.0,13.0,0.0,2.0,12.318,0.0,1.965,-3.4160000000000004,2.807,0.40299999999999997,1.0,1.0
192.0,1.0,0.0,0.0,2.0,21.0,0.0,6.0,12.390999999999998,0.0,2.222,-3.765,3.0,0.42700000000000005,1.0,1.0
193.0,1.0,0.0,0.0,2.0,18.0,0.0,7.0,13.978,1.0,2.208,-3.012,3.0,0.763,1.0,1.0
194.0,1.0,0.0,0.0,2.0,17.0,0.0,6.0,12.48,0.0,2.094,-3.366,3.0,0.414,1.0,1.0
195.0,1.0,0.0,0.0,2.0,18.0,0.0,3.0,12.454,0.0,2.2640000000000002,-3.475,3.0,0.41600000000000004,1.0,1.0
196.0,1.0,0.0,0.0,2.0,16.0,0.0,6.0,12.51,0.0,2.259,-3.25,3.0,0.436,1.0,1.0
197.0,1.0,0.0,0.0,2.0,17.0,0.0,7.0,12.715,0.0,2.4459999999999997,-3.1260000000000003,3.0,0.7559999999999999,1.0,1.0
198.0,1.0,1.0,0.0,6.0,17.0,1.0,7.0,13.895,0.0,2.213,-2.404,3.0,0.7070000000000001,1.0,1.0
199.0,2.0,1.0,0.0,4.0,21.0,0.0,10.0,13.915999999999999,0.0,2.176,-2.719,3.0,0.993,1.0,1.0
200.0,1.0,0.0,0.0,3.0,20.0,0.0,8.0,13.880999999999998,1.0,2.146,-3.025,3.0,0.925,1.0,1.0
201.0,1.0,0.0,0.0,3.0,22.0,0.0,2.0,12.464,0.0,2.716,-3.6489999999999996,4.087,0.491,1.0,0.0
202.0,2.0,0.0,1.0,2.0,41.0,0.0,13.0,12.765,0.0,2.9939999999999998,-4.312,4.7,1.47,1.0,0.0
203.0,2.0,0.0,1.0,1.0,30.0,0.0,8.0,12.842,0.0,2.943,-3.926,4.248,1.151,1.0,0.0
204.0,4.0,0.0,0.0,0.0,29.0,0.0,7.0,12.699000000000002,0.0,2.3609999999999998,-4.02,2.322,1.068,1.0,0.0
205.0,2.0,0.0,1.0,1.0,31.0,0.0,8.0,12.815,0.0,3.283,-3.995,4.322,1.101,1.0,0.0
206.0,4.0,0.0,0.0,0.0,30.0,0.0,11.0,12.942,0.0,2.56,-3.762,2.322,1.557,1.0,0.0
207.0,4.0,1.0,1.0,3.0,33.0,0.0,10.0,13.737,0.0,2.52,-3.363,4.087,1.3780000000000001,1.0,0.0
208.0,4.0,0.0,0.0,0.0,30.0,0.0,7.0,12.675999999999998,0.0,2.273,-4.0889999999999995,2.322,1.072,1.0,0.0
209.0,1.0,0.0,0.0,1.0,21.0,0.0,5.0,12.675999999999998,0.0,2.716,-3.556,3.0,0.765,1.0,1.0
210.0,1.0,0.0,0.0,1.0,20.0,0.0,4.0,12.709000000000001,0.0,2.765,-3.458,3.0,0.7759999999999999,1.0,1.0
211.0,0.0,0.0,0.0,3.0,19.0,1.0,1.0,12.325999999999999,0.0,2.721,-3.577,3.0,0.35600000000000004,1.0,0.0
212.0,1.0,0.0,0.0,1.0,27.0,0.0,7.0,12.527999999999999,0.0,2.324,-4.05,3.807,0.9229999999999999,1.0,1.0
213.0,2.0,2.0,0.0,0.0,14.0,0.0,9.0,16.016,0.0,1.935,-2.176,1.585,0.9890000000000001,1.0,1.0
214.0,1.0,0.0,0.0,2.0,11.0,0.0,4.0,13.099,0.0,1.849,-2.201,1.0,0.8290000000000001,1.0,1.0
215.0,1.0,0.0,0.0,2.0,10.0,0.0,4.0,13.208,0.0,1.954,-1.993,1.0,0.831,1.0,1.0
216.0,2.0,0.0,0.0,3.0,24.0,0.0,4.0,12.593,0.0,2.748,-3.63,3.7,0.8029999999999999,1.0,0.0
217.0,4.0,0.0,0.0,5.0,43.0,0.0,5.0,12.707,0.0,2.99,-4.164,4.3919999999999995,1.5030000000000001,0.0,0.0
218.0,2.0,0.0,0.0,3.0,25.0,0.0,5.0,12.57,0.0,2.708,-3.715,3.7,0.8079999999999999,1.0,0.0
219.0,2.0,1.0,0.0,2.0,29.0,0.0,7.0,13.39,0.0,2.339,-3.685,3.907,1.122,1.0,1.0
220.0,5.0,0.0,0.0,2.0,25.0,0.0,6.0,13.128,0.0,2.742,-3.158,3.585,1.242,1.0,1.0
221.0,4.0,0.0,0.0,2.0,28.0,0.0,10.0,13.703,1.0,2.463,-3.4339999999999997,3.4589999999999996,1.341,1.0,0.0
222.0,0.0,0.0,0.0,2.0,33.0,1.0,13.0,12.615,0.0,2.215,-4.127,3.807,1.365,1.0,1.0
223.0,1.0,0.0,6.0,2.0,28.0,0.0,10.0,14.078,0.0,3.4189999999999996,-2.9189999999999996,3.0,1.561,0.0,0.0
224.0,1.0,0.0,0.0,3.0,17.0,0.0,7.0,12.597999999999999,0.0,2.417,-3.1260000000000003,3.0,0.637,1.0,1.0
225.0,3.0,0.0,0.0,3.0,15.0,0.0,8.0,14.802999999999999,0.0,4.369,-0.7809999999999999,2.0,0.691,1.0,1.0
226.0,1.0,0.0,0.0,1.0,31.0,0.0,11.0,19.874000000000002,0.0,1.275,-3.995,4.17,0.8290000000000001,1.0,1.0
227.0,2.0,0.0,0.0,0.0,55.0,0.0,7.0,13.026,0.0,2.605,-4.31,1.585,2.612,1.0,0.0
228.0,1.0,0.0,0.0,3.0,25.0,0.0,8.0,12.41,0.0,2.366,-3.9010000000000002,3.807,0.5820000000000001,1.0,1.0
229.0,1.0,0.0,0.0,1.0,11.0,0.0,4.0,12.918,0.0,1.662,-2.516,1.0,0.624,1.0,1.0
230.0,0.0,0.0,0.0,1.0,19.0,0.0,6.0,12.536,0.0,2.5789999999999997,-3.577,3.585,0.6659999999999999,1.0,1.0
231.0,1.0,0.0,0.0,1.0,19.0,0.0,9.0,12.745999999999999,0.0,2.495,-3.3539999999999996,3.0,0.955,1.0,1.0
232.0,1.0,0.0,0.0,2.0,19.0,0.0,8.0,12.850999999999999,0.0,2.5789999999999997,-3.13,3.0,0.9590000000000001,1.0,1.0
233.0,0.0,0.0,0.0,2.0,30.0,0.0,10.0,12.675999999999998,0.0,3.015,-3.926,4.459,1.4140000000000001,1.0,1.0
234.0,1.0,0.0,0.0,2.0,24.0,0.0,8.0,12.675999999999998,0.0,2.915,-3.63,3.807,1.08,1.0,1.0
235.0,0.0,0.0,0.0,1.0,22.0,0.0,6.0,12.827,0.0,2.44,-3.446,2.807,1.058,1.0,1.0
236.0,0.0,0.0,0.0,2.0,18.0,0.0,6.0,12.675999999999998,0.0,2.59,-3.2430000000000003,3.4589999999999996,0.809,1.0,1.0
237.0,2.0,0.0,0.0,2.0,24.0,0.0,11.0,12.842,0.0,2.372,-3.4389999999999996,3.17,1.028,1.0,1.0
238.0,1.0,0.0,0.0,5.0,33.0,0.0,5.0,12.918,0.0,2.986,-3.516,4.248,1.96,1.0,0.0
239.0,1.0,0.0,3.0,3.0,35.0,0.0,14.0,13.237,0.0,2.98,-3.6639999999999997,3.807,1.703,0.0,0.0
240.0,2.0,1.0,0.0,2.0,28.0,0.0,11.0,13.582,0.0,2.366,-3.4339999999999997,3.907,1.271,1.0,1.0
241.0,1.0,0.0,0.0,5.0,28.0,0.0,5.0,12.937000000000001,0.0,2.786,-3.262,3.7,1.5090000000000001,1.0,1.0
242.0,1.0,0.0,0.0,5.0,28.0,0.0,9.0,12.937000000000001,0.0,2.642,-3.262,3.7,1.5419999999999998,1.0,1.0
243.0,2.0,1.0,0.0,1.0,14.0,0.0,4.0,14.440999999999999,0.0,2.09,-2.448,1.585,0.8059999999999999,1.0,1.0
244.0,3.0,0.0,0.0,2.0,27.0,0.0,11.0,12.897,0.0,2.705,-3.522,3.322,1.3359999999999999,1.0,1.0
245.0,1.0,0.0,0.0,3.0,14.0,0.0,2.0,15.788,2.0,2.2319999999999998,-2.448,3.0,0.45,0.0,0.0
246.0,3.0,1.0,0.0,2.0,14.0,0.0,0.0,15.972999999999999,1.0,2.131,-2.176,3.322,0.386,1.0,0.0
247.0,1.0,0.0,0.0,4.0,14.0,0.0,3.0,12.581,0.0,2.407,-2.72,1.0,0.604,1.0,1.0
248.0,0.0,0.0,0.0,4.0,12.0,0.0,1.0,12.675999999999998,0.0,3.529,-2.39,3.585,0.341,1.0,1.0
249.0,1.0,0.0,0.0,5.0,28.0,0.0,5.0,12.937000000000001,0.0,2.958,-3.262,4.17,1.6269999999999998,1.0,1.0
250.0,2.0,0.0,0.0,2.0,44.0,0.0,10.0,12.917,0.0,2.609,-4.095,4.248,2.441,1.0,0.0
251.0,0.0,0.0,0.0,1.0,17.0,0.0,5.0,12.832,0.0,2.367,-3.1260000000000003,2.807,0.922,1.0,1.0
252.0,1.0,0.0,0.0,1.0,24.0,0.0,6.0,12.593,0.0,2.384,-3.821,3.0,0.857,1.0,1.0
253.0,5.0,2.0,0.0,3.0,17.0,0.0,1.0,17.04,1.0,2.198,-1.683,3.585,0.63,1.0,1.0
254.0,4.0,2.0,0.0,3.0,17.0,0.0,1.0,17.04,1.0,2.138,-1.683,3.4589999999999996,0.657,1.0,1.0
255.0,3.0,1.0,0.0,3.0,24.0,0.0,4.0,14.571,1.0,2.465,-3.057,4.0,0.644,1.0,0.0
256.0,4.0,2.0,0.0,3.0,20.0,0.0,2.0,17.458,2.0,1.901,-1.945,3.4589999999999996,0.659,1.0,0.0
257.0,3.0,1.0,0.0,3.0,24.0,0.0,2.0,14.571,1.0,2.364,-3.057,4.0,0.705,1.0,0.0
258.0,3.0,1.0,0.0,2.0,21.0,0.0,5.0,15.222000000000001,1.0,2.657,-2.51,3.907,1.204,1.0,1.0
259.0,0.0,0.0,0.0,1.0,21.0,0.0,8.0,13.412,1.0,2.381,-3.765,3.7,0.47200000000000003,0.0,0.0
260.0,0.0,0.0,0.0,1.0,12.0,0.0,3.0,12.51,0.0,2.384,-2.987,2.807,0.371,1.0,1.0
261.0,0.0,0.0,0.0,1.0,13.0,0.0,3.0,13.085,0.0,2.932,-2.562,2.807,1.078,1.0,1.0
262.0,0.0,0.0,0.0,1.0,12.0,0.0,3.0,12.842,0.0,2.78,-2.6889999999999996,2.807,0.713,1.0,1.0
263.0,6.0,0.0,0.0,0.0,36.0,0.0,8.0,13.437999999999999,1.0,2.312,-4.021,2.807,1.34,0.0,0.0
264.0,6.0,0.0,1.0,0.0,36.0,0.0,8.0,12.981,0.0,2.495,-4.021,2.807,1.401,0.0,0.0
265.0,4.0,0.0,0.0,0.0,31.0,0.0,4.0,12.783,0.0,2.569,-3.995,2.322,1.023,0.0,0.0
266.0,5.0,0.0,0.0,0.0,29.0,0.0,4.0,12.835999999999999,0.0,2.551,-3.853,2.585,1.003,0.0,0.0
267.0,4.0,0.0,1.0,0.0,28.0,0.0,2.0,12.972999999999999,0.0,2.627,-3.7769999999999997,2.322,1.001,0.0,0.0
268.0,4.0,0.0,1.0,0.0,30.0,0.0,4.0,13.042,0.0,2.5989999999999998,-3.762,2.322,1.178,0.0,0.0
269.0,4.0,0.0,1.0,0.0,27.0,0.0,1.0,12.860999999999999,0.0,2.464,-3.8739999999999997,2.322,0.78,0.0,0.0
270.0,5.0,1.0,3.0,0.0,34.0,0.0,6.0,13.804,0.0,2.435,-3.741,2.585,1.159,0.0,0.0
271.0,3.0,0.0,0.0,0.0,26.0,0.0,2.0,12.777999999999999,0.0,2.574,-3.7969999999999997,2.0,0.904,0.0,0.0
272.0,4.0,0.0,0.0,0.0,27.0,0.0,2.0,12.75,0.0,2.5469999999999997,-3.8739999999999997,2.322,0.919,0.0,0.0
273.0,4.0,0.0,0.0,0.0,26.0,0.0,2.0,12.777999999999999,0.0,2.662,-3.7969999999999997,2.322,0.915,0.0,0.0
274.0,5.0,0.0,0.0,0.0,26.0,0.0,2.0,12.777999999999999,0.0,2.694,-3.7969999999999997,2.585,0.82,0.0,0.0
275.0,4.0,0.0,0.0,0.0,27.0,0.0,2.0,12.454,0.0,2.213,-4.227,2.322,0.499,0.0,0.0
276.0,4.0,0.0,1.0,0.0,31.0,0.0,2.0,13.008,0.0,2.574,-3.8360000000000003,2.322,1.088,0.0,0.0
277.0,1.0,0.0,0.0,1.0,25.0,1.0,0.0,12.41,0.0,2.5469999999999997,-4.087,3.0,0.45799999999999996,0.0,0.0
278.0,3.0,0.0,0.0,2.0,27.0,0.0,3.0,12.454,0.0,2.174,-4.05,2.0,0.626,0.0,0.0
279.0,3.0,1.0,0.0,6.0,33.0,0.0,7.0,13.465,0.0,2.371,-3.363,4.322,1.109,0.0,0.0
280.0,2.0,0.0,0.0,3.0,29.0,0.0,1.0,12.767999999999999,0.0,3.199,-3.685,4.248,1.287,0.0,0.0
281.0,3.0,1.0,0.0,6.0,34.0,0.0,8.0,13.422,0.0,2.358,-3.4419999999999997,4.322,1.084,0.0,0.0
282.0,4.0,0.0,0.0,0.0,28.0,0.0,3.0,12.581,0.0,2.225,-4.121,2.322,0.6779999999999999,0.0,0.0
283.0,0.0,0.0,0.0,0.0,20.0,0.0,0.0,12.41,0.0,2.5860000000000003,-3.89,2.807,0.612,0.0,0.0
284.0,2.0,0.0,0.0,0.0,23.0,1.0,1.0,12.357999999999999,0.0,2.523,-4.13,2.0,0.4,0.0,0.0
285.0,1.0,0.0,0.0,1.0,24.0,0.0,5.0,31.908,0.0,0.769,-2.866,3.807,1.2830000000000001,1.0,1.0
286.0,1.0,0.0,0.0,1.0,11.0,0.0,2.0,12.918,0.0,2.6719999999999997,-2.516,1.0,0.638,0.0,0.0
287.0,2.0,0.0,0.0,0.0,23.0,0.0,4.0,12.705,0.0,3.158,-3.737,4.322,0.93,0.0,1.0
288.0,4.0,1.0,0.0,2.0,22.0,0.0,6.0,13.829,0.0,2.491,-3.0410000000000004,3.4589999999999996,0.716,0.0,1.0
289.0,3.0,1.0,0.0,2.0,17.0,0.0,6.0,15.508,1.0,2.16,-2.404,3.322,0.602,0.0,1.0
290.0,6.0,1.0,0.0,4.0,34.0,0.0,11.0,13.422,0.0,2.423,-3.591,3.7,1.151,0.0,0.0
291.0,4.0,1.0,0.0,5.0,31.0,0.0,10.0,13.494000000000002,0.0,2.661,-3.3560000000000003,4.087,1.082,0.0,0.0
292.0,4.0,1.0,0.0,3.0,33.0,0.0,11.0,14.115,1.0,2.484,-3.516,4.087,1.213,0.0,0.0
293.0,3.0,1.0,0.0,3.0,21.0,0.0,5.0,13.821,0.0,2.391,-2.928,3.322,0.636,0.0,1.0
294.0,3.0,1.0,0.0,2.0,18.0,0.0,7.0,14.012,0.0,2.227,-2.78,3.322,0.607,0.0,1.0
295.0,2.0,0.0,0.0,5.0,9.0,0.0,2.0,13.12,0.0,2.358,-1.409,1.585,0.7340000000000001,0.0,1.0
296.0,2.0,1.0,0.0,2.0,25.0,0.0,7.0,13.450999999999999,0.0,2.6,-3.529,3.907,0.8170000000000001,0.0,1.0
297.0,2.0,1.0,0.0,3.0,25.0,0.0,7.0,13.530999999999999,0.0,2.66,-3.344,3.907,0.956,0.0,1.0
298.0,0.0,0.0,0.0,1.0,12.0,0.0,2.0,12.51,0.0,2.093,-2.987,2.807,0.5720000000000001,1.0,1.0
299.0,1.0,0.0,0.0,2.0,13.0,0.0,3.0,12.932,0.0,2.335,-2.562,3.0,0.748,0.0,1.0
300.0,0.0,0.0,0.0,2.0,19.0,0.0,5.0,15.794,0.0,1.726,-3.577,3.7,0.243,1.0,1.0
301.0,0.0,0.0,0.0,2.0,19.0,0.0,5.0,13.455,1.0,2.252,-3.577,3.7,0.248,0.0,0.0
302.0,1.0,0.0,0.0,2.0,21.0,0.0,4.0,12.200999999999999,0.0,2.658,-3.9739999999999998,3.807,0.248,0.0,0.0
303.0,0.0,0.0,0.0,2.0,20.0,0.0,6.0,13.582,1.0,2.325,-3.458,3.7,0.40700000000000003,0.0,1.0
304.0,0.0,0.0,0.0,1.0,24.0,0.0,6.0,13.237,1.0,2.289,-4.012,3.7,0.342,0.0,0.0
305.0,0.0,0.0,0.0,1.0,19.0,0.0,6.0,12.325999999999999,0.0,2.522,-3.801,3.7,0.34600000000000003,0.0,1.0
306.0,0.0,0.0,0.0,2.0,20.0,0.0,6.0,12.41,0.0,2.405,-3.674,3.7,0.40700000000000003,0.0,1.0
307.0,1.0,0.0,0.0,2.0,27.0,0.0,8.0,13.47,1.0,2.6860000000000004,-3.698,3.807,0.9390000000000001,0.0,0.0
308.0,1.0,0.0,0.0,2.0,22.0,0.0,0.0,13.258,1.0,2.593,-3.8510000000000004,3.807,0.257,0.0,0.0
309.0,1.0,0.0,0.0,1.0,37.0,0.0,10.0,12.495999999999999,0.0,2.7310000000000003,-4.505,4.322,1.124,0.0,0.0
310.0,2.0,0.0,0.0,2.0,27.0,0.0,3.0,13.322000000000001,1.0,2.5669999999999997,-3.8739999999999997,3.907,0.6809999999999999,0.0,0.0
311.0,0.0,0.0,0.0,3.0,19.0,0.0,6.0,12.325999999999999,0.0,2.5,-3.577,3.7,0.384,0.0,1.0
312.0,2.0,0.0,0.0,1.0,22.0,0.0,0.0,12.102,0.0,2.739,-4.257,3.907,0.187,0.0,0.0
313.0,0.0,0.0,0.0,1.0,11.0,0.0,0.0,12.192,0.0,2.4,-3.145,0.0,0.161,0.0,0.0
314.0,0.0,0.0,0.0,1.0,13.0,0.0,0.0,12.165,0.0,2.026,-3.4160000000000004,0.0,0.16699999999999998,0.0,0.0
315.0,1.0,0.0,0.0,1.0,23.0,0.0,5.0,12.270999999999999,0.0,2.634,-4.13,3.0,0.386,0.0,0.0
316.0,0.0,0.0,0.0,1.0,21.0,0.0,5.0,12.296,0.0,2.5,-3.9739999999999998,2.807,0.37200000000000005,0.0,0.0
317.0,0.0,0.0,0.0,1.0,22.0,0.0,5.0,12.283,0.0,2.472,-4.053999999999999,2.807,0.376,0.0,0.0
318.0,1.0,0.0,0.0,1.0,14.0,0.0,3.0,13.293,0.0,3.5589999999999997,-2.448,3.0,1.3780000000000001,0.0,1.0
319.0,0.0,0.0,0.0,1.0,14.0,1.0,4.0,12.154000000000002,0.0,2.32,-3.535,3.0,0.187,0.0,1.0
320.0,1.0,0.0,0.0,2.0,10.0,0.0,1.0,12.809000000000001,0.0,2.844,-2.325,3.0,0.518,0.0,1.0
321.0,4.0,0.0,0.0,4.0,23.0,0.0,4.0,13.225,0.0,3.823,-2.753,4.0,1.022,0.0,1.0
322.0,1.0,0.0,2.0,4.0,27.0,0.0,7.0,15.782,0.0,2.349,-2.9939999999999998,4.17,1.083,0.0,1.0
323.0,1.0,0.0,3.0,3.0,30.0,0.0,5.0,17.005,0.0,1.9769999999999999,-3.435,3.807,1.002,0.0,0.0
324.0,4.0,0.0,1.0,5.0,37.0,0.0,6.0,16.006,0.0,2.0269999999999997,-3.661,4.8069999999999995,1.253,0.0,0.0
325.0,13.0,0.0,0.0,12.0,90.0,0.0,10.0,12.985999999999999,0.0,2.484,-4.4719999999999995,4.8580000000000005,4.391,0.0,0.0
326.0,7.0,2.0,0.0,5.0,50.0,0.0,15.0,13.89,0.0,2.812,-3.612,4.7,2.713,0.0,0.0
327.0,3.0,0.0,0.0,1.0,39.0,0.0,5.0,13.187000000000001,0.0,3.1839999999999997,-3.659,4.0,2.488,0.0,0.0
328.0,2.0,4.0,0.0,2.0,16.0,0.0,9.0,17.274,0.0,1.24,-2.5,1.585,0.342,1.0,1.0
329.0,2.0,0.0,0.0,1.0,14.0,0.0,5.0,16.857,0.0,1.995,-1.088,1.585,1.411,1.0,1.0
330.0,2.0,0.0,0.0,0.0,11.0,0.0,2.0,17.997,0.0,1.7790000000000001,-0.629,1.585,1.266,1.0,1.0
331.0,2.0,0.0,0.0,1.0,19.0,0.0,9.0,15.581,0.0,1.83,-2.012,1.585,1.392,1.0,1.0
332.0,2.0,0.0,0.0,1.0,13.0,0.0,4.0,17.229,0.0,1.995,-0.8540000000000001,1.585,1.409,1.0,1.0
333.0,2.0,0.0,0.0,1.0,17.0,0.0,4.0,16.000999999999998,0.0,2.2769999999999997,-1.683,3.17,1.371,1.0,1.0
334.0,2.0,0.0,0.0,2.0,16.0,0.0,4.0,16.375999999999998,0.0,2.259,-1.25,3.0,1.4969999999999999,1.0,1.0
335.0,1.0,0.0,0.0,3.0,28.0,0.0,4.0,12.795,0.0,3.676,-3.6060000000000003,4.644,1.469,0.0,1.0
336.0,1.0,0.0,0.0,0.0,16.0,0.0,1.0,13.008,0.0,3.31,-3.0,4.087,0.97,0.0,1.0
337.0,1.0,1.0,0.0,1.0,9.0,0.0,2.0,15.347000000000001,0.0,1.6869999999999998,-1.761,1.0,0.68,1.0,1.0
338.0,3.0,0.0,0.0,2.0,20.0,0.0,5.0,30.241999999999997,0.0,0.809,-2.377,3.322,1.047,1.0,1.0
339.0,4.0,0.0,0.0,2.0,34.0,0.0,11.0,33.107,0.0,0.7340000000000001,-2.9930000000000003,4.087,1.57,1.0,0.0
340.0,3.0,0.0,0.0,3.0,31.0,0.0,13.0,24.351999999999997,0.0,1.111,-2.717,3.322,1.911,0.0,1.0
341.0,3.0,0.0,0.0,3.0,31.0,0.0,13.0,24.351999999999997,0.0,1.1159999999999999,-2.717,3.322,1.9380000000000002,0.0,1.0
342.0,3.0,0.0,0.0,3.0,32.0,0.0,14.0,23.965999999999998,0.0,1.1079999999999999,-2.813,3.322,1.87,0.0,1.0
343.0,3.0,0.0,0.0,2.0,20.0,0.0,5.0,30.241999999999997,0.0,0.809,-2.377,3.322,1.078,1.0,1.0
344.0,1.0,1.0,0.0,7.0,19.0,0.0,3.0,14.222000000000001,0.0,2.908,-2.012,4.087,1.0090000000000001,0.0,1.0
345.0,7.0,0.0,0.0,1.0,57.0,0.0,7.0,12.886,0.0,2.387,-4.503,3.0,2.342,0.0,0.0
346.0,5.0,0.0,0.0,0.0,24.0,0.0,6.0,12.51,0.0,2.209,-4.012,3.585,0.84,0.0,1.0
347.0,0.0,0.0,0.0,0.0,14.0,0.0,7.0,13.72,0.0,2.1319999999999997,-2.176,0.0,0.537,0.0,1.0
348.0,1.0,1.0,0.0,3.0,11.0,0.0,3.0,16.102999999999998,0.0,1.594,-1.8869999999999998,1.0,0.23600000000000002,1.0,1.0
349.0,1.0,0.0,0.0,6.0,21.0,0.0,4.0,12.770999999999999,0.0,3.19,-2.928,3.585,0.961,0.0,1.0
350.0,1.0,0.0,0.0,4.0,17.0,0.0,2.0,13.184000000000001,0.0,3.423,-2.404,3.585,0.9329999999999999,0.0,1.0
351.0,1.0,1.0,1.0,3.0,16.0,0.0,2.0,14.823,0.0,2.827,-2.0,3.0,0.992,0.0,1.0
352.0,1.0,1.0,0.0,3.0,15.0,0.0,2.0,14.545,0.0,2.679,-2.084,3.0,0.914,0.0,1.0
353.0,3.0,0.0,0.0,2.0,16.0,0.0,2.0,13.257,0.0,3.158,-2.5,3.322,0.888,0.0,1.0
354.0,4.0,0.0,0.0,5.0,19.0,0.0,3.0,13.376,0.0,3.2569999999999997,-2.2359999999999998,3.4589999999999996,0.89,0.0,1.0
355.0,2.0,0.0,0.0,0.0,7.0,0.0,1.0,17.569000000000003,0.0,2.346,-0.401,1.585,1.089,1.0,1.0
356.0,3.0,2.0,0.0,6.0,50.0,0.0,22.0,13.452,0.0,2.375,-4.176,4.7,1.818,0.0,0.0
357.0,4.0,0.0,0.0,3.0,36.0,0.0,27.0,13.812000000000001,0.0,2.274,-3.159,2.322,2.25,0.0,0.0
358.0,0.0,0.0,0.0,4.0,22.0,0.0,5.0,12.555,0.0,2.431,-3.446,3.4589999999999996,0.632,0.0,1.0
359.0,5.0,0.0,0.0,0.0,32.0,0.0,7.0,13.616,1.0,2.449,-3.75,2.585,1.535,0.0,0.0
360.0,2.0,0.0,0.0,1.0,25.0,0.0,5.0,12.569,0.0,2.7319999999999998,-3.9010000000000002,3.907,0.935,0.0,1.0
361.0,1.0,0.0,0.0,4.0,15.0,0.0,2.0,15.669,2.0,2.3,-2.344,3.0,0.65,0.0,1.0
362.0,0.0,0.0,0.0,1.0,22.0,0.0,11.0,12.645999999999999,0.0,2.4130000000000003,-3.6489999999999996,2.807,0.816,0.0,1.0
363.0,1.0,0.0,0.0,1.0,21.0,0.0,6.0,12.675999999999998,0.0,2.3680000000000003,-3.556,3.0,0.758,0.0,1.0
364.0,0.0,1.0,0.0,4.0,21.0,0.0,7.0,13.915999999999999,0.0,2.1069999999999998,-2.719,2.585,1.046,0.0,1.0
365.0,3.0,0.0,0.0,1.0,30.0,0.0,13.0,12.609000000000002,0.0,2.6830000000000003,-4.0889999999999995,3.322,1.005,0.0,0.0
366.0,2.0,0.0,0.0,0.0,31.0,0.0,14.0,12.654000000000002,0.0,2.5269999999999997,-4.155,3.17,1.101,0.0,0.0
367.0,3.0,0.0,2.0,0.0,32.0,0.0,13.0,13.071,0.0,2.758,-3.906,3.322,1.3459999999999999,0.0,0.0
368.0,3.0,0.0,3.0,0.0,35.0,0.0,14.0,13.294,0.0,2.87,-3.81,3.322,1.632,0.0,0.0
369.0,4.0,3.0,0.0,2.0,19.0,0.0,3.0,16.227,0.0,1.81,-2.2359999999999998,3.322,0.557,1.0,1.0
370.0,4.0,3.0,0.0,3.0,23.0,0.0,7.0,15.754000000000001,0.0,1.911,-2.36,3.322,0.778,1.0,1.0
371.0,1.0,0.0,0.0,2.0,21.0,0.0,6.0,12.770999999999999,0.0,2.437,-3.347,3.0,0.904,0.0,1.0
372.0,1.0,0.0,0.0,1.0,22.0,0.0,8.0,12.827,0.0,2.105,-3.446,3.0,0.996,0.0,1.0
373.0,2.0,0.0,0.0,3.0,34.0,0.0,9.0,12.539000000000001,0.0,2.969,-4.19,4.7,0.998,0.0,0.0
374.0,8.0,0.0,0.0,9.0,101.0,0.0,14.0,13.600999999999999,2.0,3.0460000000000003,-4.351,5.285,6.5889999999999995,0.0,0.0
375.0,1.0,0.0,0.0,5.0,16.0,0.0,4.0,13.382,0.0,3.516,-2.0,3.585,1.127,0.0,1.0
376.0,2.0,0.0,0.0,3.0,18.0,0.0,6.0,14.725999999999999,0.0,2.714,-1.8530000000000002,3.17,1.4180000000000001,0.0,1.0
377.0,0.0,0.0,0.0,5.0,19.0,0.0,2.0,13.376,0.0,3.6889999999999996,-2.2359999999999998,3.4589999999999996,1.354,0.0,1.0
378.0,2.0,0.0,3.0,2.0,20.0,0.0,3.0,14.255999999999998,0.0,3.912,-2.161,3.17,1.368,0.0,0.0
379.0,2.0,0.0,0.0,2.0,17.0,0.0,2.0,20.177,0.0,1.565,-2.164,3.17,1.0979999999999999,0.0,1.0
380.0,3.0,2.0,0.0,4.0,13.0,0.0,3.0,16.631,0.0,2.086,-1.139,3.17,0.631,1.0,1.0
381.0,4.0,2.0,0.0,4.0,14.0,0.0,2.0,16.301,0.0,1.949,-1.36,3.322,0.61,0.0,1.0
382.0,1.0,0.0,0.0,2.0,16.0,0.0,2.0,12.26,0.0,3.028,-3.5,3.7,0.32,0.0,0.0
383.0,1.0,0.0,0.0,2.0,15.0,0.0,1.0,12.277000000000001,0.0,2.795,-3.386,3.0,0.31,0.0,0.0
384.0,1.0,0.0,0.0,1.0,10.0,0.0,4.0,13.008,0.0,1.729,-2.325,1.0,0.626,0.0,1.0
385.0,1.0,0.0,0.0,2.0,15.0,0.0,3.0,12.809000000000001,0.0,2.4730000000000003,-2.865,2.807,0.624,0.0,1.0
386.0,1.0,0.0,0.0,1.0,21.0,0.0,7.0,12.675999999999998,0.0,2.475,-3.556,3.0,0.7759999999999999,0.0,1.0
387.0,1.0,0.0,0.0,2.0,21.0,0.0,7.0,12.581,0.0,2.8569999999999998,-3.556,3.807,0.617,0.0,1.0
388.0,0.0,0.0,0.0,1.0,11.0,0.0,2.0,12.555,0.0,2.6189999999999998,-2.83,2.807,0.527,0.0,0.0
389.0,5.0,0.0,0.0,4.0,24.0,0.0,4.0,13.175,0.0,3.0189999999999997,-2.866,2.585,1.492,0.0,0.0
390.0,2.0,0.0,0.0,1.0,22.0,0.0,5.0,12.827,0.0,2.71,-3.446,3.17,0.966,0.0,1.0
391.0,1.0,0.0,0.0,2.0,22.0,0.0,11.0,12.735999999999999,0.0,2.3080000000000003,-3.446,3.0,1.043,0.0,1.0
392.0,0.0,0.0,0.0,0.0,15.0,0.0,3.0,12.543,0.0,3.2489999999999997,-3.386,3.7,0.512,0.0,0.0
393.0,1.0,0.0,0.0,2.0,19.0,0.0,9.0,12.640999999999998,0.0,2.271,-3.3539999999999996,3.0,0.737,0.0,1.0
394.0,2.0,0.0,0.0,1.0,20.0,0.0,4.0,16.104,0.0,2.149,-3.241,3.907,0.8690000000000001,0.0,1.0
395.0,1.0,0.0,0.0,1.0,19.0,0.0,4.0,15.003,2.0,2.526,-3.13,3.807,0.715,0.0,0.0
396.0,2.0,0.0,0.0,1.0,19.0,0.0,3.0,12.745999999999999,0.0,3.363,-3.3539999999999996,3.807,0.7979999999999999,0.0,1.0
397.0,5.0,1.0,0.0,2.0,41.0,0.0,9.0,14.422,2.0,2.622,-3.7889999999999997,4.8069999999999995,1.534,0.0,0.0
398.0,1.0,0.0,0.0,1.0,9.0,0.0,1.0,13.119000000000002,0.0,3.75,-2.113,3.0,0.594,0.0,1.0
399.0,1.0,0.0,0.0,2.0,9.0,0.0,1.0,12.898,0.0,3.553,-2.113,3.0,0.42100000000000004,0.0,1.0
400.0,13.0,0.0,0.0,0.0,42.0,0.0,10.0,12.200999999999999,0.0,2.1,-5.136,3.807,0.395,0.0,0.0
401.0,1.0,0.0,0.0,0.0,20.0,0.0,1.0,13.008,0.0,3.7969999999999997,-3.241,4.248,1.4969999999999999,0.0,0.0
402.0,1.0,0.0,0.0,0.0,18.0,2.0,4.0,12.675999999999998,0.0,2.571,-3.475,3.322,0.753,0.0,0.0
403.0,5.0,0.0,0.0,0.0,21.0,0.0,5.0,12.200999999999999,0.0,2.01,-4.183,2.585,0.298,0.0,0.0
404.0,2.0,0.0,0.0,4.0,28.0,0.0,11.0,12.823,0.0,2.907,-3.262,3.907,1.493,0.0,1.0
405.0,3.0,0.0,0.0,5.0,33.0,0.0,11.0,12.555,0.0,2.519,-3.9739999999999998,3.807,0.9570000000000001,0.0,0.0
406.0,4.0,0.0,0.0,5.0,43.0,0.0,6.0,14.286,0.0,2.16,-4.038,3.907,1.48,0.0,0.0
407.0,4.0,2.0,0.0,0.0,14.0,0.0,7.0,16.585,0.0,1.75,-1.632,2.322,0.491,0.0,1.0
408.0,2.0,0.0,1.0,3.0,25.0,0.0,8.0,13.487,0.0,2.932,-2.786,3.17,1.5590000000000002,0.0,1.0
409.0,2.0,0.0,0.0,3.0,12.0,0.0,7.0,17.082,2.0,2.0669999999999997,-1.494,1.585,0.425,0.0,1.0
410.0,0.0,0.0,0.0,3.0,29.0,1.0,10.0,12.767999999999999,0.0,2.905,-3.685,4.248,1.281,0.0,1.0
411.0,2.0,0.0,0.0,7.0,37.0,0.0,11.0,12.604000000000001,0.0,2.612,-3.9419999999999997,4.644,1.317,0.0,0.0
412.0,0.0,0.0,1.0,4.0,31.0,0.0,8.0,13.636,1.0,2.7489999999999997,-3.516,4.17,1.242,0.0,0.0
413.0,0.0,0.0,1.0,5.0,30.0,0.0,5.0,14.272,2.0,2.557,-3.435,4.17,0.9279999999999999,0.0,0.0
414.0,1.0,0.0,0.0,2.0,14.0,0.0,5.0,17.569000000000003,2.0,1.618,-1.9040000000000001,1.0,0.462,0.0,1.0
415.0,1.0,0.0,0.0,3.0,17.0,0.0,2.0,13.536,0.0,3.6430000000000002,-2.164,3.0,1.3219999999999998,0.0,1.0
416.0,2.0,2.0,3.0,5.0,35.0,0.0,6.0,14.269,0.0,2.571,-3.3710000000000004,4.7,0.9840000000000001,0.0,0.0
417.0,3.0,1.0,2.0,3.0,33.0,0.0,7.0,14.297,1.0,2.745,-3.516,4.7,0.8290000000000001,0.0,0.0
418.0,1.0,1.0,0.0,7.0,33.0,0.0,8.0,13.994000000000002,1.0,2.432,-3.363,4.248,1.166,0.0,0.0
419.0,1.0,0.0,0.0,7.0,37.0,0.0,8.0,12.495999999999999,0.0,2.9019999999999997,-4.083,4.7,0.929,0.0,0.0
420.0,1.0,0.0,3.0,7.0,39.0,0.0,8.0,13.009,0.0,3.3160000000000003,-3.795,4.954,1.159,0.0,0.0
421.0,7.0,0.0,0.0,1.0,62.0,0.0,15.0,12.944,0.0,2.87,-4.513999999999999,4.7,2.977,0.0,0.0
422.0,6.0,0.0,0.0,1.0,58.0,0.0,14.0,13.008,0.0,2.6710000000000003,-4.343,4.248,3.025,0.0,0.0
423.0,1.0,0.0,0.0,0.0,42.0,0.0,5.0,13.245,0.0,3.069,-3.7230000000000003,3.807,2.9739999999999998,0.0,0.0
424.0,1.0,0.0,1.0,5.0,24.0,0.0,4.0,14.671,0.0,3.182,-1.91,3.585,1.8659999999999999,0.0,1.0
425.0,2.0,0.0,1.0,2.0,9.0,0.0,0.0,14.117,0.0,4.37,-1.409,3.17,0.643,0.0,1.0
426.0,1.0,0.0,2.0,3.0,18.0,0.0,2.0,14.005999999999998,0.0,3.855,-2.085,3.0,1.308,0.0,0.0
427.0,0.0,0.0,0.0,4.0,18.0,0.0,2.0,12.455,0.0,2.693,-3.2430000000000003,4.0,0.529,0.0,1.0
428.0,3.0,0.0,0.0,3.0,19.0,0.0,1.0,12.956,0.0,3.383,-2.906,3.322,0.882,0.0,0.0
429.0,1.0,0.0,0.0,2.0,19.0,0.0,8.0,15.107999999999999,2.0,2.265,-2.906,3.0,0.851,0.0,1.0
430.0,3.0,0.0,0.0,8.0,33.0,0.0,10.0,13.099,0.0,3.362,-3.057,4.3919999999999995,2.162,0.0,1.0
431.0,2.0,0.0,0.0,4.0,32.0,0.0,12.0,13.008,0.0,3.2110000000000003,-3.438,3.907,2.028,0.0,0.0
432.0,3.0,0.0,3.0,3.0,22.0,0.0,3.0,13.960999999999999,0.0,3.387,-2.432,3.322,1.0290000000000001,0.0,0.0
433.0,2.0,1.0,0.0,7.0,31.0,0.0,5.0,13.366,0.0,2.5140000000000002,-3.3560000000000003,4.644,0.826,0.0,0.0
434.0,2.0,0.0,3.0,4.0,32.0,0.0,9.0,14.022,1.0,3.201,-3.281,4.3919999999999995,1.369,0.0,0.0
435.0,3.0,0.0,1.0,4.0,29.0,0.0,8.0,12.802,0.0,2.576,-3.685,3.907,0.927,0.0,0.0
436.0,4.0,0.0,0.0,5.0,31.0,0.0,10.0,13.105,0.0,3.503,-3.196,4.3919999999999995,2.009,0.0,1.0
437.0,1.0,1.0,0.0,1.0,34.0,0.0,7.0,13.129000000000001,0.0,2.81,-4.19,4.585,1.311,0.0,1.0
438.0,3.0,0.0,1.0,3.0,36.0,0.0,4.0,13.036,0.0,3.1010000000000004,-3.734,4.3919999999999995,1.55,0.0,0.0
439.0,2.0,2.0,0.0,1.0,25.0,0.0,6.0,14.014000000000001,0.0,2.072,-3.715,3.7,0.682,0.0,1.0
440.0,1.0,0.0,0.0,5.0,19.0,0.0,5.0,14.374,0.0,2.562,-2.012,3.585,1.2409999999999999,0.0,1.0
441.0,0.0,0.0,0.0,1.0,19.0,0.0,4.0,12.536,0.0,2.37,-3.577,2.807,0.711,0.0,1.0
442.0,2.0,0.0,0.0,0.0,21.0,0.0,2.0,12.770999999999999,0.0,2.951,-3.556,4.248,0.909,0.0,1.0
443.0,0.0,0.0,1.0,4.0,30.0,0.0,6.0,15.039000000000001,0.0,2.14,-3.5980000000000003,4.17,1.083,0.0,1.0
444.0,1.0,0.0,0.0,1.0,29.0,0.0,9.0,13.026,1.0,2.454,-4.355,4.322,0.507,0.0,0.0
445.0,0.0,0.0,3.0,5.0,29.0,0.0,6.0,13.886,1.0,3.199,-3.35,4.524,0.892,0.0,0.0
446.0,3.0,1.0,1.0,7.0,36.0,0.0,11.0,14.245,1.0,2.364,-3.159,4.3919999999999995,1.3869999999999998,0.0,0.0
447.0,1.0,0.0,3.0,6.0,39.0,1.0,6.0,12.958,0.0,3.076,-3.93,4.644,0.9890000000000001,0.0,1.0
448.0,0.0,0.0,0.0,6.0,33.0,0.0,9.0,12.616,0.0,2.555,-3.822,4.524,1.1420000000000001,0.0,0.0
449.0,1.0,0.0,2.0,5.0,35.0,0.0,6.0,13.151,0.0,2.8569999999999998,-3.517,4.17,1.614,0.0,0.0
450.0,2.0,1.0,0.0,5.0,38.0,0.0,9.0,13.732999999999999,1.0,2.233,-3.867,4.3919999999999995,1.081,0.0,0.0
451.0,1.0,0.0,0.0,7.0,40.0,0.0,8.0,13.62,1.0,2.2319999999999998,-3.858,4.322,1.28,0.0,0.0
452.0,1.0,0.0,1.0,6.0,30.0,1.0,0.0,12.909,0.0,2.9819999999999998,-3.435,4.322,1.103,0.0,1.0
453.0,2.0,0.0,0.0,6.0,33.0,0.0,6.0,12.616,0.0,3.2460000000000004,-3.822,4.644,1.057,0.0,0.0
454.0,2.0,0.0,0.0,7.0,35.0,1.0,6.0,12.638,0.0,3.2310000000000003,-3.81,4.7,1.159,0.0,1.0
455.0,1.0,0.0,0.0,4.0,19.0,0.0,2.0,13.270999999999999,0.0,3.383,-2.459,2.807,1.234,0.0,1.0
456.0,0.0,0.0,0.0,0.0,18.0,0.0,3.0,17.22,4.0,1.899,-3.2430000000000003,3.7,0.11800000000000001,0.0,0.0
457.0,1.0,0.0,0.0,1.0,22.0,0.0,7.0,12.283,0.0,2.391,-4.053999999999999,3.807,0.313,0.0,1.0
458.0,0.0,0.0,0.0,0.0,10.0,0.0,0.0,13.606,0.0,3.261,-1.993,0.0,0.755,0.0,0.0
459.0,0.0,0.0,0.0,6.0,30.0,0.0,8.0,13.325,1.0,2.752,-3.5980000000000003,4.524,0.648,0.0,0.0
460.0,1.0,0.0,0.0,1.0,24.0,0.0,5.0,31.908,0.0,0.769,-2.866,3.807,1.2830000000000001,1.0,1.0
461.0,4.0,0.0,0.0,0.0,28.0,0.0,2.0,14.255,2.0,2.173,-3.7769999999999997,2.322,0.748,0.0,0.0
462.0,2.0,1.0,0.0,2.0,22.0,0.0,3.0,13.648,0.0,2.739,-3.2430000000000003,4.322,0.47600000000000003,0.0,1.0
463.0,1.0,0.0,1.0,1.0,12.0,0.0,0.0,13.092,0.0,3.72,-2.6889999999999996,3.7,0.39299999999999996,0.0,0.0
464.0,5.0,0.0,0.0,0.0,26.0,0.0,8.0,12.470999999999998,0.0,2.108,-4.158,3.585,0.76,0.0,0.0
