Index,nsulph,ncof,ntb,AWeight,ncocl,GMTIV,Hatov,TPSA,Hy,QOss,C Log P,Predicted_Output_supervisedModel,Prediction_ANNModel
1.0,0.0,0.0,0.0,22.916,0.0,3.318,1.215,33.12,-2.562,0.255,3.465,1.0,1.0
2.0,0.0,0.0,0.0,30.147,0.0,3.3110000000000004,0.821,33.12,-2.562,0.255,3.15,1.0,1.0
3.0,0.0,0.0,0.0,12.581,0.0,4.556,2.3680000000000003,52.19,-4.25,0.972,4.9430000000000005,1.0,0.0
4.0,0.0,0.0,0.0,12.724,0.0,3.335,1.995,26.79,-2.72,0.062,0.696,1.0,1.0
5.0,0.0,0.0,0.0,13.205,1.0,4.2219999999999995,2.207,37.39,-3.949,0.247,5.972,1.0,0.0
6.0,0.0,0.0,0.0,12.675999999999998,0.0,2.283,2.4,24.06,-1.723,0.0,-0.821,1.0,0.0
7.0,1.0,0.0,0.0,13.870999999999999,0.0,3.511,2.718,41.57,-2.72,0.0,2.204,1.0,1.0
8.0,0.0,0.0,0.0,13.557,0.0,4.85,3.306,331.94,-2.927,1.742,-8.424,1.0,0.0
9.0,1.0,0.0,0.0,13.85,0.0,4.316,2.674,132.96,-2.972,0.6990000000000001,0.024,1.0,1.0
10.0,1.0,0.0,0.0,13.761,0.0,4.224,2.5989999999999998,112.73,-3.057,0.441,0.318,1.0,1.0
11.0,1.0,0.0,0.0,13.527999999999999,0.0,4.418,2.563,95.94,-3.5180000000000002,0.682,2.484,1.0,1.0
12.0,1.0,0.0,0.0,13.620999999999999,0.0,4.731,2.707,156.43,-3.303,0.6409999999999999,-0.24,1.0,0.0
13.0,2.0,0.0,0.0,14.732000000000001,0.0,4.289,2.415,124.01,-2.786,0.735,0.5479999999999999,1.0,1.0
14.0,0.0,0.0,0.0,13.008,0.0,4.934,2.074,180.08,-4.166,1.642,1.901,1.0,0.0
15.0,0.0,0.0,0.0,13.046,0.0,4.95,2.101,182.91,-4.166,1.723,2.44,1.0,0.0
16.0,1.0,0.0,0.0,14.508,1.0,4.168,2.012,102.26,-3.17,0.652,0.39,1.0,0.0
17.0,0.0,0.0,0.0,13.067,0.0,4.939,2.144,193.91,-4.115,1.732,1.786,1.0,0.0
18.0,1.0,0.0,0.0,14.738,1.0,4.245,2.6860000000000004,112.73,-2.866,0.435,0.621,1.0,1.0
19.0,1.0,0.0,0.0,13.85,0.0,4.3389999999999995,2.852,132.96,-2.972,0.693,0.151,1.0,1.0
20.0,1.0,0.0,0.0,13.761,0.0,4.248,2.775,112.73,-3.057,0.435,0.445,1.0,1.0
21.0,3.0,0.0,0.0,15.186,0.0,4.54,2.397,156.09,-2.345,0.435,-0.636,1.0,0.0
22.0,3.0,0.0,0.0,14.450999999999999,0.0,4.862,2.271,175.4,-3.267,0.789,2.298,1.0,0.0
23.0,2.0,0.0,0.0,14.056,0.0,5.0280000000000005,2.77,220.26,-3.102,0.893,-1.112,1.0,0.0
24.0,4.0,0.0,0.0,15.514000000000001,0.0,4.814,2.338,219.93,-2.441,0.9159999999999999,-1.3969999999999998,1.0,0.0
25.0,1.0,0.0,0.0,14.078,0.0,4.585,3.0469999999999997,173.76,-2.68,1.053,-0.536,1.0,1.0
26.0,3.0,0.0,0.0,14.901,0.0,4.815,2.52,214.96,-2.585,0.728,-2.093,1.0,0.0
27.0,1.0,0.0,0.0,13.952,0.0,4.784,2.823,189.06,-2.931,1.248,-0.168,1.0,0.0
28.0,0.0,0.0,0.0,15.552,2.0,4.081,2.665,112.7,-2.377,0.512,0.909,1.0,1.0
29.0,0.0,1.0,0.0,13.05,0.0,4.228,3.239,74.57,-3.248,0.37200000000000005,1.5830000000000002,1.0,0.0
30.0,0.0,2.0,0.0,13.222999999999999,0.0,4.381,2.983,100.59,-3.262,0.37200000000000005,2.082,1.0,0.0
31.0,0.0,3.0,0.0,13.422,0.0,4.544,3.673,101.45,-3.1830000000000003,0.37200000000000005,2.039,1.0,0.0
32.0,0.0,0.0,0.0,13.865,1.0,4.532,2.958,181.62,-3.281,1.304,0.10800000000000001,1.0,0.0
33.0,0.0,0.0,0.0,13.133,0.0,4.526,3.062,181.62,-3.438,1.307,-0.504,1.0,1.0
34.0,0.0,0.0,0.0,13.038,0.0,4.5489999999999995,2.821,164.63,-3.516,1.1540000000000001,0.03,1.0,0.0
35.0,0.0,0.0,0.0,13.22,0.0,4.57,3.123,201.85,-3.363,1.455,-1.4,1.0,0.0
36.0,0.0,0.0,0.0,13.133,0.0,4.53,3.0380000000000003,181.62,-3.438,1.3019999999999998,-0.371,1.0,0.0
37.0,0.0,1.0,0.0,13.082,0.0,4.327,2.895,83.8,-3.346,0.614,1.98,1.0,1.0
38.0,0.0,1.0,0.0,13.124,0.0,4.303999999999999,2.907,75.01,-3.2539999999999996,0.609,1.544,1.0,1.0
39.0,0.0,1.0,0.0,13.008,0.0,4.406000000000001,3.002,83.8,-3.5180000000000002,0.614,2.37,1.0,0.0
40.0,0.0,1.0,0.0,13.095,0.0,4.181,3.036,74.57,-3.147,0.37200000000000005,1.268,1.0,1.0
41.0,0.0,1.0,0.0,13.124,0.0,4.303999999999999,2.907,75.01,-3.2539999999999996,0.609,1.544,1.0,1.0
42.0,0.0,0.0,0.0,13.582,0.0,4.637,3.333,282.61,-2.7510000000000003,1.5219999999999998,-7.291,1.0,1.0
43.0,0.0,1.0,0.0,13.216,0.0,4.309,2.984,71.11,-3.057,0.46399999999999997,1.124,1.0,1.0
44.0,0.0,0.0,0.0,12.95,0.0,3.799,2.865,72.19,-2.885,0.37200000000000005,1.423,1.0,1.0
45.0,0.0,0.0,0.0,13.530999999999999,0.0,4.908,3.298,353.11,-2.9530000000000003,1.76,-8.895,1.0,0.0
46.0,0.0,0.0,0.0,13.654000000000002,0.0,4.085,4.064,118.05,-1.9240000000000002,0.425,0.073,1.0,1.0
47.0,1.0,0.0,0.0,14.583,0.0,3.61,2.471,89.26,-2.176,0.156,0.094,1.0,1.0
48.0,1.0,0.0,0.0,14.13,0.0,3.858,2.8810000000000002,97.97,-2.404,0.081,0.86,1.0,1.0
49.0,1.0,0.0,0.0,14.123,0.0,3.8819999999999997,2.443,98.22,-2.548,0.195,1.6740000000000002,1.0,1.0
50.0,1.0,0.0,0.0,14.247,0.0,3.8539999999999996,2.636,98.22,-2.404,0.21,1.3659999999999999,1.0,1.0
51.0,2.0,0.0,0.0,15.309000000000001,0.0,3.804,2.222,97.97,-2.164,0.081,1.23,1.0,1.0
52.0,1.0,0.0,0.0,14.922,0.0,3.2939999999999996,2.5380000000000003,86.18,-1.8869999999999998,0.086,-0.084,1.0,1.0
53.0,1.0,0.0,0.0,13.725,0.0,4.572,3.2310000000000003,141.31,-3.09,0.627,3.702,1.0,1.0
54.0,2.0,0.0,0.0,15.390999999999998,0.0,3.725,2.33,85.08,-2.25,0.081,1.526,1.0,1.0
55.0,0.0,0.0,0.0,12.870999999999999,0.0,5.19,2.332,171.85,-4.343,1.22,4.928999999999999,1.0,0.0
56.0,0.0,0.0,0.0,13.445,0.0,4.567,3.2,268.17,-2.813,1.227,-6.296,1.0,1.0
57.0,0.0,0.0,0.0,12.960999999999999,0.0,4.075,2.687,105.51,-2.928,0.725,1.258,1.0,1.0
58.0,0.0,0.0,0.0,13.085,0.0,5.4079999999999995,2.832,319.61,-4.355,2.435,0.7120000000000001,1.0,0.0
59.0,0.0,0.0,0.0,13.985,1.0,4.1530000000000005,2.391,71.06,-3.248,1.126,2.81,1.0,0.0
60.0,0.0,3.0,0.0,13.408,0.0,4.376,3.427,76.72,-2.972,0.146,2.177,1.0,0.0
61.0,0.0,0.0,0.0,13.674000000000001,2.0,4.462,2.5540000000000003,42.21,-4.127,0.0,7.49,1.0,0.0
62.0,1.0,0.0,0.0,13.895,0.0,3.79,2.7569999999999997,86.18,-2.885,0.095,1.6840000000000002,1.0,1.0
63.0,0.0,0.0,0.0,13.349,1.0,3.926,2.108,28.16,-3.6489999999999996,0.0,4.811,1.0,0.0
64.0,0.0,0.0,0.0,13.464,1.0,4.064,2.269,48.39,-3.54,0.156,3.783,1.0,1.0
65.0,0.0,6.0,0.0,13.93,0.0,4.425,3.583,45.15,-3.073,0.15,4.448,1.0,0.0
66.0,0.0,0.0,0.0,12.51,0.0,4.11,2.7910000000000004,45.59,-3.821,0.396,3.173,1.0,1.0
67.0,0.0,0.0,0.0,13.507,0.0,3.487,3.025,81.19,-1.7919999999999998,0.41,0.092,1.0,0.0
68.0,0.0,0.0,0.0,13.720999999999998,0.0,2.8139999999999996,3.5,64.35,-1.203,0.147,-1.625,1.0,0.0
69.0,0.0,0.0,0.0,12.866,0.0,3.443,2.1319999999999997,64.52,-2.72,0.312,-0.293,1.0,1.0
70.0,1.0,0.0,0.0,14.197000000000001,0.0,3.076,2.082,38.91,-2.516,0.0,1.278,1.0,1.0
71.0,0.0,0.0,0.0,13.009,0.0,3.2460000000000004,3.593,68.01,-1.993,0.07200000000000001,-0.315,1.0,0.0
72.0,0.0,0.0,0.0,12.860999999999999,0.0,5.212999999999999,2.4419999999999997,209.04,-4.4719999999999995,1.794,4.749,1.0,0.0
73.0,0.0,0.0,0.0,12.957,0.0,5.207000000000001,2.5180000000000002,220.15,-4.287,2.052,4.335,1.0,0.0
74.0,1.0,0.0,0.0,14.013,0.0,3.78,2.513,79.51,-2.5,0.076,0.812,1.0,1.0
75.0,0.0,0.0,0.0,12.842,0.0,3.247,2.553,63.32,-2.6889999999999996,0.295,1.37,1.0,1.0
76.0,0.0,0.0,0.0,15.565,2.0,3.662,2.524,90.71,-2.25,0.0,2.01,1.0,0.0
77.0,0.0,0.0,0.0,12.918,0.0,3.145,2.15,63.32,-2.516,0.295,1.082,1.0,1.0
78.0,0.0,0.0,0.0,13.119000000000002,0.0,3.074,2.888,63.32,-2.113,0.295,0.365,1.0,0.0
79.0,0.0,0.0,0.0,12.464,0.0,3.872,1.913,52.32,-3.8510000000000004,0.281,4.235,1.0,1.0
80.0,0.0,0.0,0.0,12.232999999999999,0.0,3.713,2.488,16.13,-3.707,0.0,3.165,1.0,0.0
81.0,0.0,0.0,0.0,12.122,0.0,3.752,2.443,3.24,-3.938,0.0,3.75,1.0,0.0
82.0,0.0,0.0,0.0,13.439,1.0,4.012,2.7489999999999997,43.07,-3.446,0.0,3.58,1.0,0.0
83.0,0.0,0.0,0.0,13.892999999999999,1.0,4.148,3.134,84.6,-3.0410000000000004,0.20800000000000002,3.0380000000000003,1.0,1.0
84.0,0.0,0.0,0.0,13.602,1.0,3.95,2.7089999999999996,48.19,-3.347,0.083,1.849,1.0,0.0
85.0,0.0,0.0,0.0,13.802,1.0,4.099,3.134,78.76,-3.2430000000000003,0.366,2.583,1.0,0.0
86.0,0.0,0.0,0.0,13.582,1.0,3.895,2.66,32.67,-3.458,0.07400000000000001,3.154,1.0,0.0
87.0,0.0,1.0,0.0,13.507,1.0,4.2410000000000005,2.505,35.91,-3.698,0.07400000000000001,4.005,1.0,0.0
88.0,0.0,0.0,0.0,14.812999999999999,2.0,3.977,2.6910000000000003,61.69,-3.137,0.205,3.1010000000000004,1.0,0.0
89.0,0.0,1.0,0.0,13.594000000000001,1.0,4.0969999999999995,2.807,30.18,-3.54,0.0,4.324,1.0,0.0
90.0,0.0,0.0,0.0,13.780999999999999,1.0,3.952,3.029,61.69,-3.241,0.205,2.448,1.0,0.0
91.0,0.0,0.0,0.0,13.697000000000001,1.0,3.977,2.781,52.9,-3.347,0.205,2.472,1.0,0.0
92.0,0.0,0.0,0.0,14.397,2.0,4.0360000000000005,2.499,43.07,-3.344,0.0,4.234,1.0,0.0
93.0,0.0,0.0,0.0,13.341,0.0,3.69,2.4659999999999997,104.64,-2.344,0.504,0.983,1.0,1.0
94.0,0.0,0.0,0.0,13.119000000000002,0.0,3.823,2.16,90.65,-2.78,0.504,2.023,1.0,1.0
95.0,0.0,0.0,0.0,12.809000000000001,0.0,2.943,2.02,37.3,-2.658,0.295,2.287,1.0,1.0
96.0,0.0,0.0,0.0,12.675999999999998,0.0,3.591,2.6319999999999997,37.38,-3.1260000000000003,0.15,1.3330000000000002,1.0,1.0
97.0,0.0,0.0,0.0,13.008,0.0,3.069,2.3080000000000003,46.17,-2.325,0.151,0.449,1.0,1.0
98.0,0.0,0.0,0.0,12.640999999999998,0.0,3.9139999999999997,3.508,58.2,-3.3539999999999996,0.135,1.77,1.0,1.0
99.0,1.0,0.0,0.0,14.464,0.0,4.083,2.218,115.54,-2.432,0.6940000000000001,-0.395,1.0,1.0
100.0,1.0,0.0,0.0,14.583,0.0,3.625,2.736,86.19,-2.176,0.217,0.616,1.0,1.0
101.0,0.0,0.0,0.0,12.106,0.0,3.8480000000000003,2.485,3.24,-4.183,0.0,4.169,1.0,0.0
102.0,0.0,0.0,0.0,13.258,1.0,3.8760000000000003,2.252,6.48,-3.8510000000000004,0.0,4.5280000000000005,1.0,0.0
103.0,0.0,0.0,0.0,12.296,0.0,3.898,2.5869999999999997,12.47,-3.9739999999999998,0.23800000000000002,3.9619999999999997,1.0,0.0
104.0,0.0,0.0,0.0,12.192,0.0,3.877,2.34,6.48,-4.053999999999999,0.0,4.121,1.0,0.0
105.0,0.0,0.0,0.0,13.53,1.0,3.984,2.772,36.86,-3.446,0.20600000000000002,3.429,1.0,0.0
106.0,0.0,0.0,0.0,12.210999999999999,0.0,3.8,2.6260000000000003,15.27,-3.89,0.0,3.533,1.0,0.0
107.0,0.0,0.0,0.0,12.200999999999999,0.0,3.846,2.451,6.48,-3.9739999999999998,0.0,3.875,1.0,0.0
108.0,0.0,0.0,0.0,12.110999999999999,0.0,3.803,2.667,12.03,-4.106,0.0,3.826,1.0,0.0
109.0,1.0,0.0,0.0,13.251,0.0,3.912,2.447,21.26,-3.765,0.23399999999999999,4.631,1.0,1.0
110.0,0.0,0.0,0.0,12.325999999999999,0.0,3.7960000000000003,2.533,21.26,-3.801,0.23600000000000002,3.725,1.0,0.0
111.0,0.0,0.0,0.0,12.51,0.0,3.792,2.226,32.7,-3.674,0.39799999999999996,3.036,1.0,1.0
112.0,0.0,0.0,0.0,13.85,1.0,3.502,1.912,29.1,-3.25,0.086,3.299,1.0,0.0
113.0,0.0,0.0,0.0,12.454,0.0,3.804,3.407,46.33,-3.475,0.062,3.387,1.0,0.0
114.0,0.0,0.0,0.0,12.640999999999998,0.0,3.898,3.4339999999999997,63.4,-3.3539999999999996,0.14800000000000002,2.642,1.0,0.0
115.0,0.0,1.0,1.0,12.635,0.0,4.178,2.7289999999999996,36.26,-3.821,0.13,3.813,1.0,0.0
116.0,0.0,1.0,1.0,12.635,0.0,4.178,2.7289999999999996,36.26,-3.821,0.13,3.813,1.0,0.0
117.0,0.0,3.0,0.0,13.235999999999999,0.0,4.204,3.065,21.26,-3.446,0.23600000000000002,4.435,1.0,0.0
118.0,0.0,3.0,0.0,13.508,0.0,4.224,2.884,56.84,-3.0410000000000004,0.303,3.202,1.0,0.0
119.0,0.0,1.0,0.0,12.884,0.0,4.29,3.14,39.72,-3.63,0.654,3.327,1.0,0.0
120.0,0.0,0.0,0.0,14.455,2.0,3.766,2.205,12.03,-3.674,0.0,5.18,1.0,0.0
121.0,0.0,0.0,0.0,12.832,0.0,3.89,3.072,67.16,-2.885,0.201,1.4180000000000001,1.0,1.0
122.0,0.0,0.0,0.0,12.106,0.0,3.82,2.625,12.03,-4.183,0.0,4.211,1.0,0.0
123.0,0.0,0.0,0.0,12.597999999999999,0.0,3.673,2.6489999999999996,38.33,-3.366,0.28300000000000003,2.085,1.0,1.0
124.0,0.0,0.0,0.0,13.45,1.0,4.331,2.7030000000000003,45.78,-3.435,0.06,2.362,1.0,0.0
125.0,0.0,0.0,0.0,12.464,0.0,3.991,2.3609999999999998,66.48,-3.8510000000000004,0.311,3.2039999999999997,1.0,1.0
126.0,0.0,0.0,0.0,14.039000000000001,2.0,4.492,2.438,44.81,-3.762,0.319,4.859,1.0,0.0
127.0,1.0,3.0,0.0,13.710999999999999,0.0,4.512,2.7119999999999997,29.95,-3.5980000000000003,0.156,4.308,1.0,0.0
128.0,1.0,0.0,0.0,13.992,1.0,4.245,2.314,29.95,-3.698,0.156,3.943,1.0,0.0
129.0,1.0,0.0,0.0,13.99,1.0,4.085,2.18,9.72,-3.715,0.0,4.58,1.0,0.0
130.0,1.0,0.0,0.0,13.213,0.0,3.763,2.128,6.48,-3.674,0.0,4.239,1.0,1.0
131.0,2.0,0.0,0.0,13.718,0.0,4.136,2.048,9.72,-3.8739999999999997,0.0,5.039,1.0,1.0
132.0,1.0,0.0,0.0,14.272,1.0,3.823,2.045,6.48,-3.556,0.0,4.894,1.0,0.0
133.0,2.0,0.0,0.0,13.775,0.0,3.9989999999999997,2.03,6.48,-3.9010000000000002,0.0,5.886,1.0,1.0
134.0,0.0,0.0,0.0,13.377,1.0,4.003,2.5639999999999996,30.87,-3.54,0.0,3.7230000000000003,1.0,0.0
135.0,0.0,0.0,0.0,13.464,1.0,4.022,2.588,28.07,-3.54,0.20600000000000002,3.7710000000000004,1.0,0.0
136.0,1.0,0.0,0.0,13.286,0.0,3.926,2.312,30.87,-3.446,0.0,3.4389999999999996,1.0,1.0
137.0,0.0,1.0,0.0,12.759,0.0,4.5169999999999995,3.155,58.1,-3.7769999999999997,0.14800000000000002,3.197,1.0,0.0
138.0,0.0,1.0,0.0,13.565,1.0,4.361000000000001,2.6910000000000003,40.54,-3.7969999999999997,0.235,4.426,1.0,0.0
139.0,0.0,2.0,0.0,12.715,0.0,4.708,3.0860000000000003,41.03,-4.19,0.061,5.375,1.0,0.0
140.0,1.0,0.0,0.0,13.270999999999999,0.0,4.303,2.6,48.3,-3.698,0.298,2.8560000000000003,1.0,1.0
141.0,0.0,1.0,0.0,12.776,0.0,4.5360000000000005,2.8280000000000003,64.16,-3.762,0.19899999999999998,3.59,1.0,0.0
142.0,2.0,0.0,0.0,13.814,0.0,4.342,2.128,43.86,-3.762,0.086,3.471,1.0,1.0
143.0,0.0,0.0,0.0,12.475999999999999,0.0,4.289,2.225,49.77,-4.253,0.39799999999999996,5.381,1.0,0.0
144.0,0.0,0.0,0.0,12.454,0.0,4.2410000000000005,2.924,32.78,-4.05,0.248,3.865,1.0,0.0
145.0,0.0,0.0,1.0,12.548,0.0,4.177,2.48,49.77,-3.977,0.40399999999999997,3.343,1.0,1.0
146.0,0.0,0.0,0.0,12.357999999999999,0.0,3.9010000000000002,2.184,29.46,-4.13,0.495,5.736000000000001,1.0,1.0
147.0,0.0,0.0,0.0,12.942,0.0,3.548,2.3080000000000003,53.71,-2.865,0.725,1.214,1.0,1.0
148.0,0.0,0.0,0.0,14.059000000000001,0.0,3.895,2.285,85.79,-2.6830000000000003,0.381,1.262,1.0,1.0
149.0,0.0,0.0,0.0,12.427,0.0,4.055,2.487,39.34,-3.821,0.075,2.424,1.0,1.0
150.0,0.0,0.0,0.0,12.122,0.0,3.5580000000000003,2.443,3.24,-3.938,0.0,4.332,1.0,0.0
151.0,0.0,0.0,0.0,13.008,0.0,3.628,2.3409999999999997,75.27,-2.75,0.21100000000000002,1.185,1.0,1.0
152.0,0.0,0.0,0.0,13.075,0.0,3.55,2.3680000000000003,75.27,-2.605,0.21100000000000002,0.795,1.0,1.0
153.0,0.0,0.0,0.0,13.008,0.0,3.656,2.595,75.27,-2.75,0.21100000000000002,0.961,1.0,1.0
154.0,0.0,0.0,1.0,12.850999999999999,0.0,3.8489999999999998,2.495,66.48,-3.13,0.21100000000000002,1.307,1.0,0.0
155.0,0.0,0.0,0.0,12.897,0.0,3.832,2.827,66.48,-3.012,0.21,1.043,1.0,1.0
156.0,0.0,0.0,0.0,13.008,0.0,3.609,2.3409999999999997,75.27,-2.75,0.21100000000000002,1.185,1.0,1.0
157.0,0.0,0.0,0.0,12.95,0.0,3.805,3.138,75.27,-2.885,0.21,0.7,1.0,1.0
158.0,0.0,0.0,0.0,12.759,0.0,3.656,2.909,58.2,-3.0,0.15,0.5379999999999999,1.0,1.0
159.0,0.0,0.0,0.0,12.95,0.0,3.7,2.55,75.27,-2.885,0.21100000000000002,1.351,1.0,1.0
160.0,0.0,0.0,0.0,23.197,3.0,2.43,1.446,40.46,-0.802,0.266,0.667,1.0,0.0
161.0,0.0,0.0,0.0,12.344000000000001,0.0,3.205,2.491,16.13,-2.987,0.0,1.848,1.0,0.0
162.0,0.0,0.0,0.0,13.208,0.0,3.2769999999999997,4.027,74.43,-1.661,0.07200000000000001,-1.318,1.0,0.0
163.0,0.0,0.0,0.0,12.905,0.0,4.3839999999999995,2.54,83.09,-3.685,1.125,2.872,1.0,0.0
164.0,1.0,3.0,0.0,14.126,0.0,4.4110000000000005,2.9730000000000003,77.98,-3.073,0.086,3.514,1.0,0.0
165.0,0.0,0.0,0.0,12.675999999999998,0.0,3.943,2.614,62.32,-3.556,0.43,2.9010000000000002,1.0,1.0
166.0,0.0,0.0,0.0,12.675999999999998,0.0,3.91,3.068,46.53,-3.475,0.504,3.667,1.0,0.0
167.0,0.0,1.0,0.0,12.842,0.0,3.927,3.125,37.3,-3.475,0.295,3.681,1.0,0.0
168.0,0.0,0.0,0.0,12.543,0.0,3.5460000000000003,2.267,37.3,-3.386,0.295,3.073,1.0,1.0
169.0,0.0,0.0,0.0,13.667,1.0,4.245,2.697,68.53,-3.529,0.614,3.927,1.0,0.0
170.0,0.0,0.0,0.0,12.640999999999998,0.0,3.968,3.1060000000000003,54.37,-3.577,0.37799999999999995,3.1060000000000003,1.0,0.0
171.0,0.0,0.0,0.0,12.715,0.0,3.824,2.779,46.53,-3.366,0.541,3.037,1.0,0.0
172.0,1.0,0.0,0.0,13.837,0.0,4.188,2.8689999999999998,99.6,-2.95,0.40700000000000003,1.581,1.0,1.0
173.0,0.0,0.0,0.0,12.918,0.0,3.35,2.9730000000000003,49.33,-2.516,0.33399999999999996,1.351,1.0,0.0
174.0,0.0,0.0,0.0,13.238,0.0,3.59,3.2230000000000003,63.6,-2.562,0.534,1.31,1.0,0.0
175.0,0.0,0.0,0.0,12.645999999999999,0.0,3.948,2.699,41.93,-3.6489999999999996,0.624,1.501,1.0,1.0
176.0,0.0,0.0,0.0,12.41,0.0,4.0680000000000005,2.336,29.54,-4.087,0.26899999999999996,4.276,1.0,1.0
177.0,0.0,0.0,0.0,12.729000000000001,0.0,4.135,2.9939999999999998,70.0,-3.715,0.7190000000000001,1.525,1.0,1.0
178.0,0.0,0.0,0.0,12.823,0.0,4.282,2.714,65.07,-3.698,0.7440000000000001,1.989,1.0,1.0
179.0,0.0,0.0,0.0,12.33,0.0,4.186,2.636,23.55,-4.087,0.075,4.137,1.0,0.0
180.0,0.0,0.0,0.0,12.675999999999998,0.0,3.9160000000000004,2.838,49.77,-3.556,0.57,1.63,1.0,1.0
181.0,0.0,0.0,0.0,12.827,0.0,3.991,2.927,70.0,-3.446,0.7190000000000001,0.745,1.0,1.0
182.0,0.0,0.0,0.0,12.565,0.0,3.7030000000000003,2.416,29.54,-3.475,0.28,2.213,1.0,1.0
183.0,0.0,0.0,0.0,12.270999999999999,0.0,3.923,2.292,20.31,-4.13,0.08900000000000001,4.292,1.0,1.0
184.0,0.0,0.0,0.0,12.675999999999998,0.0,3.915,2.923,52.93,-3.556,0.635,1.198,1.0,1.0
185.0,0.0,0.0,0.0,12.296,0.0,3.825,2.176,23.47,-3.9739999999999998,0.258,3.883,1.0,1.0
186.0,0.0,0.0,0.0,12.827,0.0,4.104,2.907,62.3,-3.446,0.5670000000000001,0.9179999999999999,1.0,1.0
187.0,0.0,0.0,0.0,12.700999999999999,0.0,4.218,2.583,59.06,-3.7969999999999997,0.5589999999999999,2.233,1.0,1.0
188.0,0.0,0.0,0.0,12.790999999999999,0.0,4.119,2.685,59.06,-3.54,0.5589999999999999,1.063,1.0,1.0
189.0,0.0,0.0,0.0,13.008,0.0,3.9130000000000003,1.893,52.6,-3.025,0.55,0.265,1.0,1.0
190.0,0.0,0.0,0.0,13.85,1.0,3.502,2.274,29.1,-3.25,0.08800000000000001,2.898,1.0,0.0
191.0,0.0,0.0,0.0,12.318,0.0,3.17,1.965,20.23,-3.4160000000000004,0.257,3.639,1.0,1.0
192.0,0.0,0.0,0.0,12.390999999999998,0.0,3.833,2.222,32.34,-3.765,0.07400000000000001,3.897,1.0,1.0
193.0,0.0,0.0,0.0,13.978,1.0,3.764,2.208,55.56,-3.012,0.273,2.421,1.0,1.0
194.0,0.0,0.0,0.0,12.48,0.0,3.615,2.094,32.34,-3.366,0.075,2.5839999999999996,1.0,1.0
195.0,0.0,0.0,0.0,12.454,0.0,3.6889999999999996,2.2640000000000002,32.34,-3.475,0.07400000000000001,2.7260000000000004,1.0,1.0
196.0,0.0,0.0,0.0,12.51,0.0,3.58,2.259,41.13,-3.25,0.07400000000000001,2.322,1.0,1.0
197.0,0.0,0.0,0.0,12.715,0.0,3.736,2.4459999999999997,55.56,-3.1260000000000003,0.273,1.767,1.0,1.0
198.0,1.0,0.0,1.0,13.895,0.0,3.8489999999999998,2.213,88.89,-2.404,0.0,0.115,1.0,1.0
199.0,1.0,0.0,0.0,13.915999999999999,0.0,4.119,2.176,83.58,-2.719,0.349,1.459,1.0,1.0
200.0,0.0,0.0,0.0,13.880999999999998,1.0,3.8680000000000003,2.146,67.59,-3.025,0.318,2.002,1.0,1.0
201.0,0.0,0.0,0.0,12.464,0.0,4.037,2.716,39.82,-3.6489999999999996,0.086,3.1289999999999996,1.0,0.0
202.0,0.0,1.0,0.0,12.765,0.0,4.833,2.9939999999999998,111.79,-4.312,0.6759999999999999,6.314,1.0,0.0
203.0,0.0,1.0,0.0,12.842,0.0,4.5089999999999995,2.943,82.69,-3.926,0.6,4.628,1.0,0.0
204.0,0.0,0.0,0.0,12.699000000000002,0.0,4.329,2.3609999999999998,72.83,-4.02,0.708,4.196000000000001,1.0,0.0
205.0,0.0,1.0,0.0,12.815,0.0,4.564,3.283,90.65,-3.995,0.6,4.518,1.0,0.0
206.0,0.0,0.0,0.0,12.942,0.0,4.457,2.56,124.29,-3.762,1.031,2.44,1.0,0.0
207.0,1.0,1.0,0.0,13.737,0.0,4.637,2.52,140.92,-3.363,0.6859999999999999,2.4019999999999997,1.0,0.0
208.0,0.0,0.0,0.0,12.675999999999998,0.0,4.352,2.273,72.83,-4.0889999999999995,0.7070000000000001,4.586,1.0,0.0
209.0,0.0,0.0,0.0,12.675999999999998,0.0,3.978,2.716,49.77,-3.556,0.433,1.931,1.0,1.0
210.0,0.0,0.0,0.0,12.709000000000001,0.0,3.938,2.765,49.77,-3.458,0.41600000000000004,1.8880000000000001,1.0,1.0
211.0,0.0,0.0,1.0,12.325999999999999,0.0,3.86,2.721,39.06,-3.577,0.0,2.528,1.0,0.0
212.0,0.0,0.0,0.0,12.527999999999999,0.0,4.202,2.324,35.53,-4.05,0.48200000000000004,4.731,1.0,1.0
213.0,2.0,0.0,0.0,16.016,0.0,3.6910000000000003,1.935,74.6,-2.176,0.591,2.097,1.0,1.0
214.0,0.0,0.0,0.0,13.099,0.0,3.1260000000000003,1.849,52.32,-2.201,0.245,0.17600000000000002,1.0,1.0
215.0,0.0,0.0,0.0,13.208,0.0,3.072,1.954,52.32,-1.993,0.247,-0.212,1.0,1.0
216.0,0.0,0.0,0.0,12.593,0.0,4.138999999999999,2.748,68.36,-3.63,0.231,1.053,1.0,1.0
217.0,0.0,0.0,0.0,12.707,0.0,4.872,2.99,118.21,-4.164,0.429,1.5090000000000001,1.0,0.0
218.0,0.0,0.0,0.0,12.57,0.0,4.171,2.708,68.36,-3.715,0.231,1.443,1.0,1.0
219.0,1.0,0.0,0.0,13.39,0.0,4.3389999999999995,2.339,59.08,-3.685,0.5870000000000001,3.3689999999999998,1.0,1.0
220.0,0.0,0.0,0.0,13.128,0.0,4.268,2.742,107.77,-3.158,0.688,2.176,1.0,1.0
221.0,0.0,0.0,0.0,13.703,1.0,4.296,2.463,99.88,-3.4339999999999997,0.6920000000000001,2.266,1.0,0.0
222.0,0.0,0.0,1.0,12.615,0.0,4.565,2.215,63.95,-4.127,0.972,5.093,1.0,0.0
223.0,0.0,6.0,0.0,14.078,0.0,4.606,3.4189999999999996,59.59,-2.9189999999999996,0.54,3.4410000000000003,0.0,0.0
224.0,0.0,0.0,0.0,12.597999999999999,0.0,3.7119999999999997,2.417,58.36,-3.1260000000000003,0.073,1.34,1.0,1.0
225.0,0.0,0.0,0.0,14.802999999999999,0.0,4.07,4.369,157.11,-0.7809999999999999,0.359,-1.02,1.0,1.0
226.0,0.0,0.0,0.0,19.874000000000002,0.0,4.3660000000000005,1.275,42.68,-3.995,0.535,6.936,1.0,0.0
227.0,0.0,0.0,0.0,13.026,0.0,5.236000000000001,2.605,203.06,-4.31,1.902,2.218,0.0,0.0
228.0,0.0,0.0,0.0,12.41,0.0,4.058,2.366,59.22,-3.9010000000000002,0.075,3.362,1.0,1.0
229.0,0.0,0.0,0.0,12.918,0.0,3.0610000000000004,1.662,26.3,-2.516,0.273,0.644,1.0,1.0
230.0,0.0,0.0,0.0,12.536,0.0,3.85,2.5789999999999997,41.49,-3.577,0.391,2.5780000000000003,1.0,1.0
231.0,0.0,0.0,0.0,12.745999999999999,0.0,3.863,2.495,50.72,-3.3539999999999996,0.624,1.989,1.0,1.0
232.0,0.0,0.0,0.0,12.850999999999999,0.0,3.9530000000000003,2.5789999999999997,84.58,-3.13,0.467,0.452,1.0,1.0
233.0,0.0,0.0,0.0,12.675999999999998,0.0,4.5569999999999995,3.015,75.74,-3.926,0.872,3.2560000000000002,1.0,0.0
234.0,0.0,0.0,0.0,12.675999999999998,0.0,4.256,2.915,95.58,-3.63,0.48,2.135,1.0,1.0
235.0,0.0,0.0,0.0,12.827,0.0,4.039,2.44,81.95,-3.446,0.696,0.635,1.0,1.0
236.0,0.0,0.0,0.0,12.675999999999998,0.0,3.807,2.59,57.28,-3.2430000000000003,0.391,1.4240000000000002,1.0,1.0
237.0,0.0,0.0,0.0,12.842,0.0,4.168,2.372,87.66,-3.4389999999999996,0.5529999999999999,2.365,1.0,1.0
238.0,0.0,0.0,0.0,12.918,0.0,4.678,2.986,112.27,-3.516,1.018,1.7180000000000002,1.0,0.0
239.0,0.0,3.0,0.0,13.237,0.0,4.808,2.98,97.05,-3.6639999999999997,0.6990000000000001,3.071,0.0,0.0
240.0,1.0,0.0,0.0,13.582,0.0,4.4319999999999995,2.366,99.88,-3.4339999999999997,0.81,2.3409999999999997,1.0,1.0
241.0,0.0,0.0,0.0,12.937000000000001,0.0,4.43,2.786,103.04,-3.262,0.695,1.057,1.0,1.0
242.0,0.0,0.0,0.0,12.937000000000001,0.0,4.448,2.642,111.83,-3.262,0.695,1.351,1.0,0.0
243.0,1.0,0.0,0.0,14.440999999999999,0.0,3.455,2.09,57.61,-2.448,0.368,0.628,1.0,1.0
244.0,0.0,0.0,0.0,12.897,0.0,4.355,2.705,95.94,-3.522,0.6459999999999999,1.605,1.0,1.0
245.0,0.0,0.0,0.0,15.788,2.0,3.4189999999999996,2.2319999999999998,36.42,-2.448,0.0,2.365,1.0,0.0
246.0,1.0,0.0,0.0,15.972999999999999,1.0,3.4819999999999998,2.131,58.53,-2.176,0.079,1.8730000000000002,1.0,0.0
247.0,0.0,0.0,0.0,12.581,0.0,3.4,2.407,67.64,-2.72,0.0,0.526,1.0,1.0
248.0,0.0,0.0,0.0,12.675999999999998,0.0,3.3739999999999997,3.529,63.83,-2.39,0.0,0.915,1.0,0.0
249.0,0.0,0.0,0.0,12.937000000000001,0.0,4.474,2.958,106.95,-3.262,0.767,1.785,1.0,1.0
250.0,0.0,0.0,0.0,12.917,0.0,4.931,2.609,117.78,-4.095,1.666,3.6889999999999996,0.0,0.0
251.0,0.0,0.0,0.0,12.832,0.0,3.721,2.367,72.72,-3.1260000000000003,0.561,1.306,1.0,1.0
252.0,0.0,0.0,0.0,12.593,0.0,4.0680000000000005,2.384,46.53,-3.821,0.43200000000000005,2.8539999999999996,1.0,1.0
253.0,2.0,0.0,0.0,17.04,1.0,3.821,2.198,118.69,-1.683,0.165,0.13,1.0,1.0
254.0,2.0,0.0,0.0,17.04,1.0,3.7910000000000004,2.138,118.36,-1.683,0.172,-0.35100000000000003,1.0,1.0
255.0,1.0,0.0,0.0,14.571,1.0,4.186,2.465,92.5,-3.057,0.157,2.083,1.0,1.0
256.0,2.0,0.0,0.0,17.458,2.0,3.891,1.901,109.57,-1.945,0.171,0.598,1.0,0.0
257.0,1.0,0.0,0.0,14.571,1.0,4.143,2.364,92.5,-3.057,0.158,2.714,1.0,0.0
258.0,1.0,0.0,0.0,15.222000000000001,1.0,4.126,2.657,122.63,-2.51,0.593,1.891,1.0,1.0
259.0,0.0,0.0,0.0,13.412,1.0,3.9389999999999996,2.381,12.47,-3.765,0.242,4.195,0.0,0.0
260.0,0.0,0.0,0.0,12.51,0.0,3.2239999999999998,2.384,32.26,-2.987,0.15,1.328,1.0,1.0
261.0,0.0,0.0,0.0,13.085,0.0,3.4939999999999998,2.932,72.72,-2.562,0.6579999999999999,0.35100000000000003,1.0,1.0
262.0,0.0,0.0,0.0,12.842,0.0,3.342,2.78,52.49,-2.6889999999999996,0.408,0.645,1.0,1.0
263.0,0.0,0.0,0.0,13.437999999999999,1.0,4.573,2.312,106.97,-4.021,0.861,4.087,0.0,0.0
264.0,0.0,1.0,0.0,12.981,0.0,4.6160000000000005,2.495,106.97,-4.021,0.86,3.818,0.0,0.0
265.0,0.0,0.0,0.0,12.783,0.0,4.398,2.569,93.06,-3.995,0.7070000000000001,2.717,0.0,0.0
266.0,0.0,0.0,0.0,12.835999999999999,0.0,4.387,2.551,97.74,-3.853,0.6809999999999999,2.5610000000000004,0.0,0.0
267.0,0.0,1.0,0.0,12.972999999999999,0.0,4.313,2.627,94.83,-3.7769999999999997,0.618,1.896,0.0,1.0
268.0,0.0,1.0,0.0,13.042,0.0,4.437,2.5989999999999998,100.9,-3.762,0.743,2.445,0.0,0.0
269.0,0.0,1.0,0.0,12.860999999999999,0.0,4.23,2.464,74.6,-3.8739999999999997,0.47,2.923,0.0,1.0
270.0,1.0,3.0,0.0,13.804,0.0,4.5680000000000005,2.435,80.67,-3.741,0.581,4.43,0.0,0.0
271.0,0.0,0.0,0.0,12.777999999999999,0.0,4.2010000000000005,2.574,94.83,-3.7969999999999997,0.624,1.7819999999999998,0.0,1.0
272.0,0.0,0.0,0.0,12.75,0.0,4.243,2.5469999999999997,94.83,-3.8739999999999997,0.621,1.804,0.0,1.0
273.0,0.0,0.0,0.0,12.777999999999999,0.0,4.223,2.662,94.83,-3.7969999999999997,0.621,1.558,0.0,1.0
274.0,0.0,0.0,0.0,12.777999999999999,0.0,4.24,2.694,91.67,-3.7969999999999997,0.556,1.766,0.0,1.0
275.0,0.0,0.0,0.0,12.454,0.0,4.14,2.213,54.37,-4.227,0.32799999999999996,4.497,0.0,1.0
276.0,0.0,1.0,0.0,13.008,0.0,4.431,2.574,93.06,-3.8360000000000003,0.7020000000000001,2.419,0.0,0.0
277.0,0.0,0.0,1.0,12.41,0.0,4.124,2.5469999999999997,46.26,-4.087,0.26899999999999996,4.221,0.0,1.0
278.0,0.0,0.0,0.0,12.454,0.0,4.158,2.174,58.2,-4.05,0.14800000000000002,3.815,0.0,1.0
279.0,1.0,0.0,0.0,13.465,0.0,4.513999999999999,2.371,113.42,-3.363,0.4,1.129,0.0,0.0
280.0,0.0,0.0,0.0,12.767999999999999,0.0,4.423,3.199,74.87,-3.685,0.56,1.729,0.0,1.0
281.0,1.0,0.0,0.0,13.422,0.0,4.539,2.358,112.9,-3.4419999999999997,0.4,1.589,0.0,0.0
282.0,0.0,0.0,0.0,12.581,0.0,4.237,2.225,60.44,-4.121,0.441,4.655,0.0,0.0
283.0,0.0,0.0,0.0,12.41,0.0,3.832,2.5860000000000003,40.46,-3.89,0.41200000000000003,3.609,0.0,1.0
284.0,0.0,0.0,1.0,12.357999999999999,0.0,3.986,2.523,37.3,-4.13,0.22899999999999998,3.883,0.0,1.0
285.0,0.0,0.0,0.0,31.908,0.0,4.188,0.769,92.78,-2.866,0.7559999999999999,4.5569999999999995,0.0,1.0
286.0,0.0,0.0,0.0,12.918,0.0,3.2119999999999997,2.6719999999999997,63.32,-2.516,0.295,0.836,1.0,1.0
287.0,0.0,0.0,0.0,12.705,0.0,4.148,3.158,67.51,-3.737,0.585,3.61,0.0,0.0
288.0,1.0,0.0,0.0,13.829,0.0,4.1080000000000005,2.491,92.34,-3.0410000000000004,0.22899999999999998,2.21,0.0,1.0
289.0,1.0,0.0,0.0,15.508,1.0,3.7439999999999998,2.16,75.27,-2.404,0.142,1.7380000000000002,0.0,1.0
290.0,1.0,0.0,0.0,13.422,0.0,4.655,2.423,124.68,-3.591,0.276,3.074,0.0,0.0
291.0,1.0,0.0,0.0,13.494000000000002,0.0,4.592,2.661,130.15,-3.3560000000000003,0.214,2.0780000000000003,0.0,0.0
292.0,1.0,0.0,0.0,14.115,1.0,4.63,2.484,113.6,-3.516,0.461,3.642,0.0,0.0
293.0,1.0,0.0,0.0,13.821,0.0,3.991,2.391,78.51,-2.928,0.142,1.774,0.0,1.0
294.0,1.0,0.0,0.0,14.012,0.0,3.805,2.227,75.27,-2.78,0.142,1.7830000000000001,1.0,1.0
295.0,0.0,0.0,0.0,13.12,0.0,2.9589999999999996,2.358,91.49,-1.409,0.0,-1.244,1.0,1.0
296.0,1.0,0.0,0.0,13.450999999999999,0.0,4.338,2.6,68.29,-3.529,0.386,3.16,0.0,1.0
297.0,1.0,0.0,0.0,13.530999999999999,0.0,4.364,2.66,71.53,-3.344,0.385,2.491,0.0,1.0
298.0,0.0,0.0,0.0,12.51,0.0,3.156,2.093,20.23,-2.987,0.258,1.979,1.0,1.0
299.0,0.0,0.0,0.0,12.932,0.0,3.4360000000000004,2.335,33.42,-2.562,0.213,0.5720000000000001,1.0,1.0
300.0,0.0,0.0,0.0,15.794,0.0,3.74,1.726,16.13,-3.577,0.0,3.928,0.0,1.0
301.0,0.0,0.0,0.0,13.455,1.0,3.752,2.252,16.13,-3.577,0.0,3.819,0.0,0.0
302.0,0.0,0.0,0.0,12.200999999999999,0.0,3.91,2.658,16.13,-3.9739999999999998,0.0,3.918,0.0,0.0
303.0,0.0,0.0,0.0,13.582,1.0,3.858,2.325,25.36,-3.458,0.134,3.403,0.0,0.0
304.0,0.0,0.0,0.0,13.237,1.0,4.022,2.289,12.47,-4.012,0.134,5.104,0.0,0.0
305.0,0.0,0.0,0.0,12.325999999999999,0.0,3.7960000000000003,2.522,12.47,-3.801,0.135,3.3539999999999996,0.0,0.0
306.0,0.0,0.0,0.0,12.41,0.0,3.845,2.405,25.36,-3.674,0.132,2.923,0.0,1.0
307.0,0.0,0.0,0.0,13.47,1.0,4.3580000000000005,2.6860000000000004,53.01,-3.698,0.428,3.148,0.0,0.0
308.0,0.0,0.0,0.0,13.258,1.0,3.912,2.593,24.92,-3.8510000000000004,0.0,4.019,0.0,0.0
309.0,0.0,0.0,0.0,12.495999999999999,0.0,4.736000000000001,2.7310000000000003,81.0,-4.505,0.59,5.511,0.0,0.0
310.0,0.0,0.0,0.0,13.322000000000001,1.0,4.256,2.5669999999999997,42.43,-3.8739999999999997,0.253,4.888,0.0,0.0
311.0,0.0,0.0,0.0,12.325999999999999,0.0,3.8089999999999997,2.5,19.37,-3.577,0.0,2.65,0.0,0.0
312.0,0.0,0.0,0.0,12.102,0.0,3.9210000000000003,2.739,3.24,-4.257,0.0,4.698,0.0,0.0
313.0,0.0,0.0,0.0,12.192,0.0,2.8939999999999997,2.4,26.02,-3.145,0.0,1.9140000000000001,0.0,0.0
314.0,0.0,0.0,0.0,12.165,0.0,3.0269999999999997,2.026,26.02,-3.4160000000000004,0.0,2.694,0.0,1.0
315.0,0.0,0.0,0.0,12.270999999999999,0.0,3.948,2.634,23.47,-4.13,0.14800000000000002,3.9619999999999997,0.0,0.0
316.0,0.0,0.0,0.0,12.296,0.0,3.807,2.5,23.47,-3.9739999999999998,0.14800000000000002,3.94,0.0,0.0
317.0,0.0,0.0,0.0,12.283,0.0,3.8560000000000003,2.472,23.47,-4.053999999999999,0.14800000000000002,4.331,0.0,0.0
318.0,0.0,0.0,0.0,13.293,0.0,3.7110000000000003,3.5589999999999997,103.78,-2.448,0.802,0.052000000000000005,0.0,1.0
319.0,0.0,0.0,1.0,12.154000000000002,0.0,3.4330000000000003,2.32,3.24,-3.535,0.0,2.1830000000000003,0.0,0.0
320.0,0.0,0.0,0.0,12.809000000000001,0.0,3.1660000000000004,2.844,36.47,-2.325,0.16899999999999998,0.319,1.0,0.0
321.0,0.0,0.0,0.0,13.225,0.0,4.41,3.823,118.05,-2.753,0.475,1.74,0.0,1.0
322.0,0.0,2.0,0.0,15.782,0.0,4.415,2.349,88.41,-2.9939999999999998,0.3,3.011,0.0,0.0
323.0,0.0,3.0,0.0,17.005,0.0,4.5089999999999995,1.9769999999999999,64.6,-3.435,0.22,3.781,0.0,0.0
324.0,0.0,1.0,0.0,16.006,0.0,4.7010000000000005,2.0269999999999997,107.13,-3.661,0.281,3.94,0.0,0.0
325.0,0.0,0.0,0.0,12.985999999999999,0.0,5.733,2.484,359.98,-4.4719999999999995,1.571,0.726,0.0,0.0
326.0,2.0,0.0,0.0,13.89,0.0,5.182,2.812,246.74,-3.612,1.2409999999999999,-0.6559999999999999,0.0,0.0
327.0,0.0,0.0,0.0,13.187000000000001,0.0,4.802,3.1839999999999997,206.07,-3.659,1.699,0.001,0.0,0.0
328.0,4.0,0.0,0.0,17.274,0.0,3.2560000000000002,1.24,6.48,-2.5,0.0,3.6210000000000004,0.0,1.0
329.0,0.0,0.0,0.0,16.857,0.0,3.591,1.995,161.31,-1.088,0.6809999999999999,-1.273,1.0,1.0
330.0,0.0,0.0,0.0,17.997,0.0,3.365,1.7790000000000001,135.29,-0.629,0.6809999999999999,-0.992,1.0,1.0
331.0,0.0,0.0,0.0,15.581,0.0,3.858,1.83,138.53,-2.012,0.6809999999999999,0.5,0.0,1.0
332.0,0.0,0.0,0.0,17.229,0.0,3.525,1.995,161.31,-0.8540000000000001,0.6809999999999999,-1.663,1.0,1.0
333.0,0.0,0.0,0.0,16.000999999999998,0.0,3.87,2.2769999999999997,148.18,-1.683,0.6809999999999999,-0.374,0.0,1.0
334.0,0.0,0.0,0.0,16.375999999999998,0.0,3.819,2.259,153.11,-1.25,0.68,-1.115,1.0,1.0
335.0,0.0,0.0,0.0,12.795,0.0,4.468,3.676,108.47,-3.6060000000000003,0.8029999999999999,3.7110000000000003,0.0,1.0
336.0,0.0,0.0,0.0,13.008,0.0,3.781,3.31,52.58,-3.0,0.688,2.548,0.0,0.0
337.0,1.0,0.0,0.0,15.347000000000001,0.0,2.8510000000000004,1.6869999999999998,63.32,-1.761,0.293,0.107,0.0,1.0
338.0,0.0,0.0,0.0,30.241999999999997,0.0,3.946,0.809,95.5,-2.377,0.44,3.115,0.0,1.0
339.0,0.0,0.0,0.0,33.107,0.0,4.6610000000000005,0.7340000000000001,132.8,-2.9930000000000003,0.728,6.848,0.0,0.0
340.0,0.0,0.0,0.0,24.351999999999997,0.0,4.522,1.111,179.66,-2.717,0.981,-1.3780000000000001,0.0,0.0
341.0,0.0,0.0,0.0,24.351999999999997,0.0,4.508,1.1159999999999999,188.45,-2.717,0.987,-1.014,0.0,0.0
342.0,0.0,0.0,0.0,23.965999999999998,0.0,4.544,1.1079999999999999,168.66,-2.813,0.972,-0.406,0.0,0.0
343.0,0.0,0.0,0.0,30.241999999999997,0.0,3.93,0.809,95.5,-2.377,0.43700000000000006,2.517,0.0,1.0
344.0,1.0,0.0,0.0,14.222000000000001,0.0,4.055,2.908,115.42,-2.012,0.256,0.664,0.0,1.0
345.0,0.0,0.0,0.0,12.886,0.0,5.103,2.387,178.36,-4.503,1.4869999999999999,4.638999999999999,0.0,0.0
346.0,0.0,0.0,0.0,12.51,0.0,4.22,2.209,46.53,-4.012,0.536,5.167000000000001,0.0,0.0
347.0,0.0,0.0,0.0,13.72,0.0,3.555,2.1319999999999997,77.38,-2.176,0.281,2.166,0.0,1.0
348.0,1.0,0.0,0.0,16.102999999999998,0.0,2.924,1.594,9.03,-1.8869999999999998,0.0,0.158,0.0,1.0
349.0,0.0,0.0,0.0,12.770999999999999,0.0,4.026,3.19,101.88,-2.928,0.157,1.092,0.0,1.0
350.0,0.0,0.0,0.0,13.184000000000001,0.0,3.8760000000000003,3.423,93.03,-2.404,0.35,-0.6920000000000001,0.0,1.0
351.0,1.0,1.0,0.0,14.823,0.0,3.819,2.827,90.37,-2.0,0.331,-0.455,0.0,1.0
352.0,1.0,0.0,0.0,14.545,0.0,3.681,2.679,90.37,-2.084,0.331,-0.594,0.0,1.0
353.0,0.0,0.0,0.0,13.257,0.0,3.812,3.158,84.32,-2.5,0.40700000000000003,-1.1909999999999998,0.0,1.0
354.0,0.0,0.0,0.0,13.376,0.0,4.065,3.2569999999999997,133.08,-2.2359999999999998,0.413,-0.6779999999999999,0.0,1.0
355.0,0.0,0.0,0.0,17.569000000000003,0.0,2.9789999999999996,2.346,94.83,-0.401,0.541,-0.158,0.0,0.0
356.0,2.0,0.0,0.0,13.452,0.0,5.029,2.375,145.78,-4.176,0.536,5.905,0.0,0.0
357.0,0.0,0.0,0.0,13.812000000000001,0.0,4.795,2.274,170.75,-3.159,1.1340000000000001,2.169,0.0,0.0
358.0,0.0,0.0,0.0,12.555,0.0,3.947,2.431,33.53,-3.446,0.14400000000000002,2.215,0.0,1.0
359.0,0.0,0.0,0.0,13.616,1.0,4.4639999999999995,2.449,99.13,-3.75,0.9009999999999999,3.917,0.0,0.0
360.0,0.0,0.0,0.0,12.569,0.0,4.199,2.7319999999999998,49.77,-3.9010000000000002,0.5329999999999999,3.59,0.0,1.0
361.0,0.0,0.0,0.0,15.669,2.0,3.53,2.3,62.44,-2.344,0.0,1.9469999999999998,0.0,0.0
362.0,0.0,0.0,0.0,12.645999999999999,0.0,4.066,2.4130000000000003,50.72,-3.6489999999999996,0.537,2.3930000000000002,0.0,1.0
363.0,0.0,0.0,0.0,12.675999999999998,0.0,3.964,2.3680000000000003,58.56,-3.556,0.478,2.333,0.0,1.0
364.0,1.0,0.0,0.0,13.915999999999999,0.0,3.983,2.1069999999999998,79.74,-2.719,0.516,0.502,0.0,1.0
365.0,0.0,0.0,0.0,12.609000000000002,0.0,4.479,2.6830000000000003,89.79,-4.0889999999999995,0.535,3.147,0.0,0.0
366.0,0.0,0.0,0.0,12.654000000000002,0.0,4.515,2.5269999999999997,86.99,-4.155,0.741,4.186,0.0,0.0
367.0,0.0,2.0,0.0,13.071,0.0,4.636,2.758,75.99,-3.906,0.823,4.683,0.0,0.0
368.0,0.0,3.0,0.0,13.294,0.0,4.813,2.87,96.22,-3.81,0.975,4.427,0.0,0.0
369.0,3.0,0.0,0.0,16.227,0.0,3.803,1.81,106.33,-2.2359999999999998,0.184,0.612,0.0,1.0
370.0,3.0,0.0,0.0,15.754000000000001,0.0,4.069,1.911,118.8,-2.36,0.318,0.087,0.0,1.0
371.0,0.0,0.0,0.0,12.770999999999999,0.0,4.005,2.437,70.59,-3.347,0.467,1.699,0.0,1.0
372.0,0.0,0.0,0.0,12.827,0.0,4.04,2.105,67.79,-3.446,0.637,2.275,0.0,1.0
373.0,0.0,0.0,0.0,12.539000000000001,0.0,4.6930000000000005,2.969,94.31,-4.19,0.345,4.89,0.0,0.0
374.0,0.0,0.0,0.0,13.600999999999999,2.0,5.861000000000001,3.0460000000000003,530.49,-4.351,3.45,0.106,0.0,0.0
375.0,0.0,0.0,0.0,13.382,0.0,3.852,3.516,119.05,-2.0,0.355,-1.814,0.0,1.0
376.0,0.0,0.0,0.0,14.725999999999999,0.0,4.013,2.714,147.9,-1.8530000000000002,0.621,-1.662,0.0,1.0
377.0,0.0,0.0,0.0,13.376,0.0,4.023,3.6889999999999996,139.54,-2.2359999999999998,0.574,-1.98,0.0,1.0
378.0,0.0,3.0,0.0,14.255999999999998,0.0,4.213,3.912,104.55,-2.161,0.563,-1.286,0.0,0.0
379.0,0.0,0.0,0.0,20.177,0.0,3.8739999999999997,1.565,104.55,-2.164,0.562,-1.7,0.0,1.0
380.0,2.0,0.0,0.0,16.631,0.0,3.582,2.086,115.04,-1.139,0.159,-0.856,0.0,1.0
381.0,2.0,0.0,0.0,16.301,0.0,3.617,1.949,107.41,-1.36,0.158,-1.4240000000000002,0.0,1.0
382.0,0.0,0.0,0.0,12.26,0.0,3.642,3.028,24.39,-3.5,0.0,2.384,0.0,0.0
383.0,0.0,0.0,0.0,12.277000000000001,0.0,3.4819999999999998,2.795,24.39,-3.386,0.0,2.108,0.0,0.0
384.0,0.0,0.0,0.0,13.008,0.0,3.0039999999999996,1.729,26.3,-2.325,0.275,0.256,0.0,1.0
385.0,0.0,0.0,0.0,12.809000000000001,0.0,3.605,2.4730000000000003,44.12,-2.865,0.28,1.162,0.0,1.0
386.0,0.0,0.0,0.0,12.675999999999998,0.0,3.9139999999999997,2.475,49.77,-3.556,0.429,2.18,0.0,1.0
387.0,0.0,0.0,0.0,12.581,0.0,4.021,2.8569999999999998,53.43,-3.556,0.231,2.206,0.0,1.0
388.0,0.0,0.0,0.0,12.555,0.0,3.188,2.6189999999999998,46.25,-2.83,0.258,1.2819999999999998,0.0,1.0
389.0,0.0,0.0,0.0,13.175,0.0,4.211,3.0189999999999997,146.89,-2.866,0.544,-1.651,0.0,1.0
390.0,0.0,0.0,0.0,12.827,0.0,4.063,2.71,55.84,-3.446,0.5529999999999999,1.868,0.0,1.0
391.0,0.0,0.0,0.0,12.735999999999999,0.0,4.0,2.3080000000000003,64.79,-3.446,0.514,2.946,0.0,1.0
392.0,0.0,0.0,0.0,12.543,0.0,3.642,3.2489999999999997,29.46,-3.386,0.36200000000000004,2.971,0.0,0.0
393.0,0.0,0.0,0.0,12.640999999999998,0.0,3.843,2.271,41.57,-3.3539999999999996,0.273,2.617,0.0,1.0
394.0,0.0,0.0,0.0,16.104,0.0,4.011,2.149,80.39,-3.241,0.37799999999999995,2.889,0.0,1.0
395.0,0.0,0.0,0.0,15.003,2.0,3.89,2.526,49.33,-3.13,0.295,4.364,0.0,0.0
396.0,0.0,0.0,0.0,12.745999999999999,0.0,3.9760000000000004,3.363,59.3,-3.3539999999999996,0.377,2.291,0.0,1.0
397.0,1.0,0.0,0.0,14.422,2.0,4.916,2.622,133.99,-3.7889999999999997,0.753,4.7669999999999995,0.0,0.0
398.0,0.0,0.0,0.0,13.119000000000002,0.0,3.159,3.75,50.19,-2.113,0.289,0.78,0.0,0.0
399.0,0.0,0.0,0.0,12.898,0.0,3.102,3.553,55.98,-2.113,0.073,0.18100000000000002,0.0,0.0
400.0,0.0,0.0,0.0,12.200999999999999,0.0,4.862,2.1,34.14,-5.136,0.174,10.964,0.0,0.0
401.0,0.0,0.0,0.0,13.008,0.0,4.106,3.7969999999999997,90.9,-3.241,1.064,2.577,0.0,0.0
402.0,0.0,0.0,2.0,12.675999999999998,0.0,3.878,2.571,35.53,-3.475,0.523,2.051,0.0,0.0
403.0,0.0,0.0,0.0,12.200999999999999,0.0,3.8810000000000002,2.01,20.23,-4.183,0.154,5.51,0.0,1.0
404.0,0.0,0.0,0.0,12.823,0.0,4.395,2.907,124.44,-3.262,0.508,0.361,0.0,1.0
405.0,0.0,0.0,0.0,12.555,0.0,4.453,2.519,71.68,-3.9739999999999998,0.13699999999999998,2.7119999999999997,0.0,0.0
406.0,0.0,0.0,0.0,14.286,0.0,4.788,2.16,118.21,-4.038,0.429,2.7110000000000003,0.0,0.0
407.0,2.0,0.0,0.0,16.585,0.0,3.678,1.75,86.74,-1.632,0.306,-0.281,0.0,1.0
408.0,0.0,1.0,0.0,13.487,0.0,4.338,2.932,122.91,-2.786,0.733,0.76,0.0,1.0
409.0,0.0,0.0,0.0,17.082,2.0,3.295,2.0669999999999997,61.77,-1.494,0.076,1.157,0.0,0.0
410.0,0.0,0.0,1.0,12.767999999999999,0.0,4.462,2.905,74.73,-3.685,0.765,3.405,0.0,1.0
411.0,0.0,0.0,0.0,12.604000000000001,0.0,4.687,2.612,87.55,-3.9419999999999997,0.317,4.51,0.0,0.0
412.0,0.0,1.0,0.0,13.636,1.0,4.567,2.7489999999999997,68.74,-3.516,0.626,4.276,0.0,0.0
413.0,0.0,1.0,0.0,14.272,2.0,4.458,2.557,77.99,-3.435,0.23199999999999998,5.038,0.0,0.0
414.0,0.0,0.0,0.0,17.569000000000003,2.0,3.2460000000000004,1.618,41.57,-1.9040000000000001,0.159,1.8840000000000001,0.0,0.0
415.0,0.0,0.0,0.0,13.536,0.0,3.9019999999999997,3.6430000000000002,130.83,-2.164,0.634,-2.563,0.0,1.0
416.0,2.0,3.0,0.0,14.269,0.0,4.698,2.571,110.86,-3.3710000000000004,0.081,5.365,0.0,0.0
417.0,1.0,2.0,0.0,14.297,1.0,4.618,2.745,91.92,-3.516,0.16899999999999998,5.062,0.0,0.0
418.0,1.0,0.0,0.0,13.994000000000002,1.0,4.6,2.432,106.51,-3.363,0.228,3.3139999999999996,0.0,0.0
419.0,0.0,0.0,0.0,12.495999999999999,0.0,4.7669999999999995,2.9019999999999997,86.28,-4.083,0.07200000000000001,4.59,0.0,0.0
420.0,0.0,3.0,0.0,13.009,0.0,4.92,3.3160000000000003,97.62,-3.795,0.07200000000000001,6.356,0.0,0.0
421.0,0.0,0.0,0.0,12.944,0.0,5.284,2.87,221.29,-4.513999999999999,1.815,3.736,0.0,0.0
422.0,0.0,0.0,0.0,13.008,0.0,5.192,2.6710000000000003,224.45,-4.343,1.869,3.26,0.0,0.0
423.0,0.0,0.0,0.0,13.245,0.0,4.906000000000001,3.069,160.83,-3.7230000000000003,2.201,1.339,0.0,0.0
424.0,0.0,1.0,0.0,14.671,0.0,4.393,3.182,186.07,-1.91,0.735,-1.724,0.0,1.0
425.0,0.0,1.0,0.0,14.117,0.0,3.2939999999999996,4.37,65.72,-1.409,0.132,-1.7619999999999998,0.0,0.0
426.0,0.0,2.0,0.0,14.005999999999998,0.0,4.021,3.855,110.6,-2.085,0.48,-1.2890000000000001,0.0,0.0
427.0,0.0,0.0,0.0,12.455,0.0,3.728,2.693,56.73,-3.2430000000000003,0.0,2.823,0.0,1.0
428.0,0.0,0.0,0.0,12.956,0.0,3.984,3.383,92.5,-2.906,0.222,0.03,0.0,1.0
429.0,0.0,0.0,0.0,15.107999999999999,2.0,3.838,2.265,66.56,-2.906,0.293,1.925,0.0,1.0
430.0,0.0,0.0,0.0,13.099,0.0,4.777,3.362,210.54,-3.057,0.66,0.268,0.0,0.0
431.0,0.0,0.0,0.0,13.008,0.0,4.579,3.2110000000000003,163.18,-3.438,0.993,-0.139,0.0,1.0
432.0,0.0,3.0,0.0,13.960999999999999,0.0,4.293,3.387,92.55,-2.432,0.268,2.448,0.0,0.0
433.0,1.0,0.0,0.0,13.366,0.0,4.541,2.5140000000000002,119.03,-3.3560000000000003,0.086,3.139,0.0,0.0
434.0,0.0,3.0,0.0,14.022,1.0,4.7669999999999995,3.201,92.35,-3.281,0.342,5.55,0.0,0.0
435.0,0.0,1.0,0.0,12.802,0.0,4.431,2.576,77.23,-3.685,0.145,2.853,0.0,0.0
436.0,0.0,0.0,0.0,13.105,0.0,4.71,3.503,191.26,-3.196,0.733,-0.297,0.0,0.0
437.0,1.0,0.0,0.0,13.129000000000001,0.0,4.617,2.81,70.0,-4.19,0.8420000000000001,6.075,0.0,0.0
438.0,0.0,1.0,0.0,13.036,0.0,4.7139999999999995,3.1010000000000004,130.75,-3.734,0.7070000000000001,1.6230000000000002,0.0,0.0
439.0,2.0,0.0,0.0,14.014000000000001,0.0,4.1419999999999995,2.072,40.54,-3.715,0.295,5.045,0.0,1.0
440.0,0.0,0.0,0.0,14.374,0.0,4.044,2.562,136.38,-2.012,0.40700000000000003,-0.051,0.0,1.0
441.0,0.0,0.0,0.0,12.536,0.0,3.7489999999999997,2.37,43.7,-3.577,0.41,2.733,0.0,1.0
442.0,0.0,0.0,0.0,12.770999999999999,0.0,4.053999999999999,2.951,67.51,-3.556,0.585,3.19,0.0,1.0
443.0,0.0,1.0,0.0,15.039000000000001,0.0,4.46,2.14,59.51,-3.5980000000000003,0.48200000000000004,5.004,0.0,0.0
444.0,0.0,0.0,0.0,13.026,1.0,4.291,2.454,12.47,-4.355,0.242,6.215,0.0,0.0
445.0,0.0,3.0,0.0,13.886,1.0,4.6339999999999995,3.199,66.49,-3.35,0.0,4.746,0.0,0.0
446.0,1.0,1.0,0.0,14.245,1.0,4.717,2.364,140.13,-3.159,0.341,3.908,0.0,0.0
447.0,0.0,3.0,1.0,12.958,0.0,4.893,3.076,65.77,-3.93,0.07200000000000001,4.456,0.0,0.0
448.0,0.0,0.0,0.0,12.616,0.0,4.543,2.555,77.33,-3.822,0.493,4.184,0.0,0.0
449.0,0.0,2.0,0.0,13.151,0.0,4.695,2.8569999999999998,83.16,-3.517,0.6920000000000001,3.175,0.0,0.0
450.0,1.0,0.0,0.0,13.732999999999999,1.0,4.656000000000001,2.233,105.24,-3.867,0.33899999999999997,6.362,0.0,0.0
451.0,0.0,0.0,0.0,13.62,1.0,4.756,2.2319999999999998,85.86,-3.858,0.34600000000000003,5.09,0.0,0.0
452.0,0.0,1.0,1.0,12.909,0.0,4.482,2.9819999999999998,110.06,-3.435,0.305,2.801,0.0,0.0
453.0,0.0,0.0,0.0,12.616,0.0,4.6160000000000005,3.2460000000000004,99.16,-3.822,0.282,4.217,0.0,0.0
454.0,0.0,0.0,1.0,12.638,0.0,4.71,3.2310000000000003,118.51,-3.81,0.14,3.313,0.0,0.0
455.0,0.0,0.0,0.0,13.270999999999999,0.0,3.987,3.383,112.13,-2.459,0.5770000000000001,-0.9890000000000001,0.0,1.0
456.0,0.0,0.0,0.0,17.22,4.0,3.592,1.899,0.0,-3.2430000000000003,0.0,5.928999999999999,0.0,0.0
457.0,0.0,0.0,0.0,12.283,0.0,3.8939999999999997,2.391,20.31,-4.053999999999999,0.08900000000000001,3.904,0.0,0.0
458.0,0.0,0.0,0.0,13.606,0.0,3.194,3.261,58.92,-1.993,0.574,-1.494,0.0,0.0
459.0,0.0,0.0,0.0,13.325,1.0,4.4719999999999995,2.752,92.51,-3.5980000000000003,0.152,3.785,0.0,0.0
460.0,0.0,0.0,0.0,31.908,0.0,4.188,0.769,92.78,-2.866,0.7559999999999999,4.5569999999999995,0.0,1.0
461.0,0.0,0.0,0.0,14.255,2.0,4.199,2.173,74.6,-3.7769999999999997,0.469,3.412,0.0,0.0
462.0,1.0,0.0,0.0,13.648,0.0,4.131,2.739,86.19,-3.2430000000000003,0.21600000000000003,2.964,0.0,1.0
463.0,0.0,1.0,0.0,13.092,0.0,3.472,3.72,32.86,-2.6889999999999996,0.071,1.185,0.0,0.0
464.0,0.0,0.0,0.0,12.470999999999998,0.0,4.283,2.108,35.53,-4.158,0.522,5.646,0.0,0.0
